title	category
အကောင်းဆုံး အော်စကာ ဇာတ်ကားဆု 	3
မနေ့ညက ကျင်းပတဲ့ အကယ်ဒမီ ဆုပေးပွဲမှာ	3
ပထမဆုံးအကြိမ် Oscar ဆုရရှိတော့ အခမ်းအနား ပရိသတ်က သူ့ကို မတ်တပ်ရပ် ဂုဏ်ပြုခဲ့ပါတယ်	3
အကောင်းဆုံး အမျိုးအမီး သရုပ်ဆောင်ဆု	3
ဇာတ်ကားနှင့် ဇာတ်ဝင်ခန်း တစ်ခန်းအား တွေ့ရစဉ်	3
“Spotlight” ဇာတ်ကားသည် ဖေဖော်ဝါရီလ ၂၈ ရက်ညက Dolby ပြဇာတ်ရုံတွင် ပြုလုပ်ခဲ့သော 	3
 ဇာတ်ကား တွင် ပြန်ပေးဆွဲ ခံထားရသည့် အမျိုးသမီး တစ်ယောက် ၏ ဇာတ်ရုပ်ကို ပိုင်ပိုင်နိုင်နိုင် 	3
အော်စကာ ဆန်ကာတင် စာရင်းတွင် ခြောက်ကြိမ် ပါဝင်ခဲ့ပြီးနောက် အသက် ၄၁ အရွယ် ဟောလီးဝုဒ်မင်းသား လီယိုနာဒို ဒီကာပရီယိုသည်	3
သရုပ်ဆောင်နိုင်ခဲ့သောကြောင့် ထိုသို့အော်စကာဆုကို ဆွတ်ခူးခဲ့ခြင်း ဖြစ်သည်။ အသက် ၂၆ နှစ်အရွယ် 	3
ဘရီလာဆန်သည် Brooklyn ဇာတ်ကား မှ မင်းသမီး	3
ဟောလီးဝုဒ်မင်းသား လီယိုနာဒို ဒီကာပရီယို “The Revenant” ဇာတ်ကားဖြင့် အော်စကာဆုရရှိ	3
ကျွဲရိုင်း၏ အသည်းကို အစိမ်းလိုက် စားပြရသောကြောင့် မုတ်ဆိတ်ရှည်ကြီးများ တစ်နှစ်ခွဲ ထားရှိခဲ့ခြင်း 	3
အော်စကာဆုပေးပွဲမှာ အကောင်းဆုံး ဖြစ်ရပ်မှန် မှတ်တမ်း ရုပ်ရှင် ရိုက်ကူးခဲ့သူ ဒါရိုက်တာဆု ရရှိသွားခဲ့တဲ့ အမျိုးသမီး 	3
လတ်တလောမှာ ပုလဲဝင်းက ဒါရိုက်တာ ညီညီထွန်းလွင် ရိုက်ကူးတဲ့ 'သွားလူဆိုး ဒါမျိုးတော့ တတ်တယ်' ဆိုတဲ့ ရုပ်ရှင်ကားကြီး မှာ 	3
ကျော်ရဲအောင် ၊ပြေတီဦး၊နေမင်း အိန္ဒြာကျော်ဇင်၊ စိုးမြတ်သူဇာ တို့နဲ့အတူ ပါဝင်ထားပြီး မကြာခင်ရုံတင်ပြသတော့ မှာ ဖြစ်ကြောင်း ပြောပါတယ်။	3
ရုပ်ရှင်ကားကြီးမှာ မြန်မာ့ကျေးရွာ ဓလေ့ ပွဲတော်များ ကို ဖော်ကျူးထားတဲ့ ကားလည်းဖြစ်ကြောင်း ပြောပါတယ်	3
ဒီဇာတ်ကားကြီးမှာ နေမင်းကို တစ်ဖက်သတ် ကြိုက်တဲ့ ရွာက ခပ်ကြောင်ကြောင် ကောင်မလေး နေရာကနေ သရုပ်ဆောင်ထားကြောင်း လည်း ပုလဲဝင်း ကပြောပါတယ်	3
 ၈၈ ကြိမ်မြောက် အော်စကာ ဆုပေးပွဲ၌ သိမ်းပိုက် ရရှိခဲ့ကြောင်း သိရသည်	3
လီယိုနာဒို သည် အသက် ၂၂ နှစ် ကတည်းက “What’s Eating Gilbert Grape” ဇာတ်ကားဖြင့် အော်စကာ ဆန်ကာတင် စာရင်းတွင် ပထမဆုံး ပါဝင်ခဲ့သည်	3
၄င်းသည် အကောင်းဆုံး ဇာတ်ဆောင်မင်းသား အော်စကာဆု စာရင်းတွင် ယခုနှစ် အပါအဝင် စုစုပေါင်း ၅ ကြိမ် ပါဝင်ခဲ့ကြောင်း သိရသည်	3
ထို့အပြင် ၈၆ ကြိမ်မြောက် အော်စကာ ဆုပေးပွဲ၌လည်း “The Wolf of Wall Street” ဇာတ်ကား ၏ ထုတ်လုပ်သူအဖြစ် ဆန်ကာတင် စာရင်းတွင် ပါဝင်ခဲ့သေးကြောင်း သိရသည်	3
ဇာတ်ကားတွင် သရုပ်ဆောင်ရန် အတွက် အပူချိန် သုညအောက်တွင် နေထိုင်နိုင်ရန် လေ့ကျင့်ခြင်း	3
အမျိုးမျိုးသော ဇာတ်ရုပ်များ ရရှိစေရန် ၅ နာရီကြာ မိတ်ကပ် ပြင်ဆင်ခဲ့ရခြင်း၊ ကြောက်မက်ဖွယ် မိုးမုန်တိုင်းများ ကြားတွင် ဝက်ဝံ တစ်ကောင်နှင့် တိုက်ခိုက်ရခြင်း စသည့် အန္တရာယ်များသော	3
သူများထမင်းလုတ် ပြုတ်ကျ သွားမဲ့ အလုပ်ကို ဘယ်တော့မှ မလုပ်ဘူး ချောရတနာ	3
အနုပညာ လောကမှာ သူ့ကို ပေါချောလို့ ချစ်စနိုး ခေါ်ကြပါတယ်	3
ခုလတ်တလော မချောဘာတွေလုပ်နေလဲ ကားရိုက်တော့ မရှိတော့ဘူး	3
ကိုကြီးခင်လှိုင်တို့၊ ကိုဒိန်းဒေါင်တို့နဲ့ အငြိမ့်တွေ နယ်ကိုထွက်ကဖြစ်တာ အိမ်မှာ မရှိသလောက်ပဲ	3
လီယိုနာဒိုသည် ၂၀၁၆ ခုနှစ်တွင် ရွှေကမ္ဘာလုံးဆု၊ Screen Actors Guild နှင့် BAFTA ဆုများကိုလည်း ရရှိခဲ့ကြောင်း သိရသည်	3
 ကိုယ်ကလည်း Senior တွေကို လိုအပ်တာတွေ သင်ပြပေးပါနော် ဆိုပြီးပြောတယ်	3
သူတို့ကလည်း ကိုယ့်ကို ချစ်ခင်ပြီး လိုအပ်တာတွေ ပြောပြပေးတယ်	3
ကိုသားကြီး (ဒွေး) နဲ့ ဓာတ်ပုံရိုက်တုန်းက ကြောက်ပြီး ဒူူးတွေ ရိုက်နေတာ ဖြစ်ခဲ့တယ်။ အဆင်မပြေခဲ့ဘူး	3
နောက်ပြီး mood မရသေးရင် မရသေးဘူးဆိုပြီး ပွင့်ပွင့် လင်းလင်း ပြောဖို့လိုတယ်	3
Senior တွေဆီက ဘယ်လို ဆောင်ပုဒ်မျိုး ကြားဖူးလဲကိုရန်လေးဖြေတဲ့ အင်တာဗျူးတစ်ခု ဖတ်ဖူးတယ်	3
အိမ်ထောင်ပြုဖို့ အရွယ်လည်း ရောက်နေပြီနော်။ဟုတ်တယ်။ အိမ်ထောင်ပြုဖို့ အရွယ်ရောက်နေပါပြီ။ 	3
ဒါပေမဲ့ အချိန်မကျသေးလို့ပါ (ရယ်လျက်)ဂျာနယ်တစ်စောင်မှာ အတူ အလှူလုပ်ခဲ့တဲ့ အမျိုးသားတစ်ဦးက မချောရဲ့ ဖူးစာရှင်လား	3
အဲဒါတော့ ဟုတ်ပါတယ်။သူနဲ့ပတ်သက်ပြီး ပြောပြပါဦး။ဘာမှတော့ ပြောစရာမရှိပါဘူး။ ချောတို့က ရည်းစားဖြစ်တာလည်း ကြာပါပြီ။	3
ချွဲချွဲနွဲ့နွဲ့ ဖွဲ့ဖွဲ့နွဲ့နွဲ့ ပြောရမယ့် အရွယ်တွေလည်း မဟုတ်ပါ	3
။ချောကို အနုပညာ လမ်းကြောင်းပေါ်က မပျောက်သွားအောင် အခုထက်ထိ အားပေးနေတဲ့ ပရိသတ်တွေကို ချောက လှိုက်လှိုက်လှဲလှဲ ကျေးဇူးတင်ပါတယ်လို့ ပြောချင်ပါတယ်	3
 ပရိသတ် အားပေးနေလို့လည်း အခုထက်ထိ အနုပညာ အလုပ်တွေ လုပ်နေရတာပါလို	3
ကျောင်းဆရာမကြီးလည်း ဖြစ်ချင်တာပဲ အဆိုတော်လည်း ဖြစ်ချင်ခဲ့တာ စန္ဒီမြင့်လွင်	3
ဒီ ဆယ်ကျော်သက် အရွယ် စိတ်ကူးယဉ် အိပ်မက်က ဘာလဲတကူးတကကြီး စိတ်ကူး ယဉ်တာတော့ မဟုတ်ဘူး။ အားလုံး လုပ်ချင်ပါတယ်	3
ကျောင်းဆရာမ ကြီးလည်းဖြစ်ချင်တာပဲ။ အေးအေး ချမ်းချမ်း နေချင် တာကြောင့်ပါ။ နောက်ပြီး အဆိုတော်လည်းဖြစ် ချင်ခဲ့တာပဲ။	3
ဆရာမလုပ်ချင်တာကို စွန့် လွှတ်ခဲ့ရတာလား။စွန့်လွှတ်ခဲ့တာမဟုတ်ပါ ဘူး။ အဆိုတော်ဖြစ်ဖို့ အကြောင်း ကံပါလာလို့ပါ	3
အဆိုတော်ဖြစ်ဖို့ အကြောင်း ကံပါလာလို့ပါ။မိဘတွေ ထိန်းချုပ်တာခံခဲ့ ရလား။ထိန်းချုပ်ခံခဲ့ရတာတော့ မရှိပါဘူး	3
လွတ်လွတ်လပ်လပ်ပါပဲကိုယ်ဖြစ်ချင်တာ စွန့်လွှတ် ခဲ့ရလို့ နောင်တရတာရောရှိလား။မရှိပါဘူး။ အနုပညာအလုပ်က ဝါသနာပါလို့လုပ်ခဲ့တာလား။	3
ဝါသနာပါလို့ လုပ်ဖြစ်ခဲ့တာပါ။ထိန်းချုပ်ခံရတဲ့ ဆယ် ကျော်သက်တွေကိုရော ဘယ်လို အကြံပေးချင်လဲ။	3
မော်ဒယ်လောကတွင် နာမည်ရလာပြီး ဆုများ စွာ ပိုင်ဆိုင် ရရှိကာ ဇာတ် ကားများစတင်ရိုက်ကူး လာသူ ခင်ရူပက သူမ ၏ချစ်သူမှာ အနုပညာ လောကမှ မင်းသား	3
 မြတ်သူအောင် ဖြစ်ကြောင်း ပြောကြားလိုက်ပြီး ချစ် သူသက်တမ်း ရှစ်လရှိပြီ ဖြစ်ကြောင်း ခင်ရူပက ပြောသည်။	3
ညီမကတော့ မဖုံး ကွယ်ပါဘူး။ ညီမနဲ့ သူနဲ့က ချစ်သူတွေပေါ့။ ချစ်သူသက်တမ်း ရှစ်လလောက်ရှိပြီ	3
ခင်ရူပ ကပြောသည်။ သူမတို့ နှစ်ဦး သည် Valentine's Day နှင့်ပတ်သက်သောကာဗာများရိုက်ကူး ထားကြောင်း ခင်ရူပ ကပြောသည်	3
 အောင်မြင်တဲ့ အနုပညာသမား တစ်ယောက်ဖြစ်ဖို့ အတွက် ဘာတွေလိုအပ်လဲဟု မေးမြန်းရာ အဓိက ကတော့ အနုပညာသမား အတွက်	3
ရှိုးတက်တဲ့အခါမှာတော့ ကြောက်တဲ့ ခံစားမှုတော့ ရှိသေးတယ်	3
ရော့ခ်ကာကြီးပြောတဲ့ လူငယ်တွေ အတွက် အားပေးစကား	3
နှစ်ပေါင်း များစွာကြာအောင် ခုချိန်ထိ သူ့ရဲ့အောင်မြင်မှု ကို ထိန်းသိမ်း ထားနိုင်သူ၊Iron Crossရဲ့ ရှိုးပွဲတိုင်း မှာ လည်း ကိုကြီးငဲ၊ ကိုကြီးငဲ ဆိုပြီး အမြဲတမ်း ပွဲတောင်းခံ ရတဲ့ အငဲတို့ ICအဖွဲ့က ဇူလိုင် လ၁၄ရက်နေ့မှာaတာ့	3
 အင်္ဂလန်နိုင်ငံကို ဖျော်ဖြေရေးသွားမှာ ဖြစ်ပါတယ်	3
. ''တမင် တည်ပြီးရွေး တာတော့ မဟုတ်ဘူး။ ထိပ်ဆုံးခွေ ဖြစ်နေတော့ နည်းနည်း Safe ဖြစ်အောင် သီချင်းကို နည်းနည်း ပိုလုပ်တယ်။	3
 ၁၅ပုဒ်၊ ၁၆ပုဒ်လောက် တီးဖြစ်သွား တယ်။ အဲဒီထဲကမှ အဆင်ပြေသလို ရွေးလိုက်တော့ 'ကိုး'အခွေက အခု ပရိသတ် မြင်တဲ့ ပုံမျိုးဖြစ်သွားတယ်။ ၃၊၄ပုဒ်လောက်က အဆင်မပြေ လို့ ဖြုတ်လိုက်တယ်	3
အရင် ကော်ပီခွေတွေလုပ်ခဲ့တာနဲ့ ဒီ 'ကိုး'လိုမျိုး Own Tune Album လုပ်ရတာက ဘာတွေ ကွာခြားလဲလို့ အငဲ ကို 	3
ဘာကွာလဲဆိုတော့ ဒါက နည်းနည်း လွတ်လပ် တယ်။ မဆိုးပါဘူး။ တစ်မျိုးစီပါပဲ။ ကော်ပီခွေ လုပ်တုန်းက လည်း ပျော်ပါ တယ်။	3
အငဲရဲ့ 'ကိုး'အခွေအမ် တီဗီမှာလူငယ် ရော့ခ်အဖွဲ့တစ်ဖွဲ့ဖြစ်တဲ့ Wanted အဖွဲ့လည်း တစ်ပုဒ်ပါဝင် သရုပ်ဆောင် 	3
မျိုးဆက်သစ် လူငယ် ရော့ခ်အဖွဲ့တွေ ကိုရော ကိုအငဲအနေနဲ့ ဘယ်လိုမြင်မိလဲ၊ လက်တွဲ လုပ်ဆောင်ဖို့ကော ရှိလား ဆိုတော့အငဲက	3
သူတို့ တွေနဲ့တွေ့တဲ့ အချိန်တော့ ချစ်ချစ်ခင်ခင်နေကြတာ များပါတယ်။ ကျွန်တော်ကမြို့ထဲ သိပ်မထွက်တော့ သိပ်တော့မတွေ့ ဖြစ်ဘူး	3
ပြေတီဦးက ဇွန်လ၂၃ရက်နေ့မှာ ရခိုင်ပြည်နယ် စစ်တွေ မြို့က ဒုက ္ခရောက်နေ တဲ့မြို့သူ၊မြို့ သားတွေကို ကိုယ်တိုင်သွားရောက် အားပေးကူညီ ခဲ့ပါတယ်	3
 ကယ်ဆယ်ရေး စခန်း ၂ခုကို ရောက်ရှိခဲ့ပြီး စောင်၊ အဝတ် အစား၊ ခေါက်ဆွဲခြောက်ထုပ်၊ စားစရာသောက်စရာများ နဲ့ ငွေများ လှူဒါန်း	3
ရွာတစ်ရွာ ဆိုရင် တစ်ရွာလုံးမီးရှို့ထားတာမျိုး ပင်လယ်ကမ်းစပ်မြို့ဆိုတော့ အုန်းပင်တွေ ရှိတယ်။	3
တစ်ရွာလုံးမီးရှို့ ခံထားရတော့ အုန်းပင်တွေလည်း ဝါပြီး ခြောက်နေတယ်	3
ကျွန်တော့်ကိုတွေ့တဲ့အချိန်မှာ သူတို့ရဲ့မိသားစုဝင် တစ်ယောက်ကို တွေ့သလိုမျိုးပဲ	3
အမေကြီးတွေကဆိုရင် ''သားကြီးရယ် အမေ တို့မှာ ဘာမှ မရှိတော့ဘူး။ ချက်စရာ၊ ပြုတ်စရာ အိုး၊ ခွက်တွေကအစ 	3
ဒီမြန်မာနိုင်ငံထဲမှာ နေကြတဲ့ ညီအစ်ကိုမောင်နှမတွေပဲ၊ မိသားစုဝင်တွေပဲ ဘယ်သူ့မှ ပစ်ထားကြမှာမဟုတ်ဘူး	3
မရောက်ရောက်အောင် လာတယ်။ လှူတယ်။ နောက်ထပ်လည်း ဒီထက်ပိုပြီးအကူအညီတွေ လာဦးမှာပါ။ ဘာမှအားငယ်စရာမလိုဘူး။ 	3
ကျွန်တော်တို့ထက် ပိုပြီး တတ်နိုင်တဲ့၊ ပိုပြီး အင်အားကြီးတဲ့ အလှူရှင်တွေလည်	3
 စစ်တွေမြို့ ကို ရောက်တာနဲ့ ဝမ်းနည်းကြေကွဲသလို ခံစားခဲ့ရတယ်ဆိုတဲ့ ပြေတီဦးက ရခိုင်ပြည်နယ် မှာ မြင်တွေ့ခဲ့ရတဲ့ ဒုက္ခသည်တွေနဲ့ပတ်သက်ပြီး	3
 တချို့အိမ်တွေ ကလည်း မီးရှို့ခံထားရ တာမျိုး၊ မြို့ထဲကို ဝင်သွားပြီဆိုတာနဲ့ စိတ်ထဲမှာ တစ်မျိုးကြီးပဲ	3
 ငြိမ်းငြိမ်းချမ်းချမ်းနဲ့ အညင်သာဆုံး၊ အမြန်ဆုံး နိဂုံးချုပ်ဖို့ အတွက် လူတိုင်းမှာ တာဝန်ရှိကြောင်း ပြေတီဦးက ပြောပါတယ် 	3
ဗိုလ်ချုပ်အောင်ဆန်း နေရာတွင် သရုပ်ဆောင် ရန်ဒုတိယ အကြိမ် လူတွေ့ စစ်ဆေး	3
ဇွန်၁၁ရက်နေ့တွင် ဗိုလ်ချုပ်အောင်ဆန်း ရုပ်ရှင်ဖြစ်မြောက်ရေး အဖွဲ့ရုံးခန်း၌ ဇာတ်ညွှန်းအဖွဲ့ အစည်းအဝေးကို ကျင်းပခဲ့ပါသည်။ 	3
အစည်းအဝေးသို့ ဇာတ်ညွှန်းအဖွဲ့ အဖွဲ့ဝင်များဖြစ်ကြသော ဦးကြည်စိုးထွန်း၊ ဦးချစ်ဦးညို၊ ဦးမင်းထင်ကိုကိုကြီး၊ ဦးဇော်သက်ထွေး၊ ဒေါ်ကြည်ဖြူသျှင် သမိုင်းသုတေသီတစ် ဦးဖြစ်သူ ဦးဇော်လင်းတို့ တက်ရောက်ခဲ့ကြပါသည်	3
ထိုအစည်းအဝေးတွင် ဇာတ်ညွှန်းအကြမ်း ထွက်ရှိရေး အတွက် ဆွေးနွေး ခဲ့ကြသည်။	3
ဗိုလ်ချုပ်အောင်ဆန်း ရုပ်ရှင်ဖြစ်မြောက်ရေး အဖွဲ့ရုံးခန်း ၌ ဗိုလ်ချုပ်အောင်ဆန်း၏နေရာတွင် သရုပ်ဆောင်ရန် ဒုတိယအကြိမ် လျှောက်ထားသူ များအား	3
အစည်းအဝေးသို့ ဇာတ်ညွှန်းအဖွဲ့ အဖွဲ့ဝင်များဖြစ်ကြသော ဦးကြည်စိုးထွန်း၊ ဦးချစ်ဦးညို၊ ဦးမင်းထင်ကိုကိုကြီး၊ ဦးဇော်သက်ထွေး၊ ဒေါ်ကြည်ဖြူသျှင်နှင့် သမိုင်းသုတေသီတစ် ဦးဖြစ်သူ ဦးဇော်လင်းတို့ တက်ရောက်ခဲ့ကြပါသည်။	3
ထိုအစည်းအဝေးတွင် ဇာတ်ညွှန်းအကြမ်း ထွက်ရှိရေး အတွက် ဆွေးနွေး ခဲ့ကြသည်။	3
ဦးကြည်စိုးထွန်း၊ ဦးချစ်ဦးညို၊ ဦးမင်းထင်ကိုကိုကြီး၊ ဦးဇော်သက်ထွေး၊ ဒေါ်ကြည်ဖြူသျှင်နှင့် သမိုင်းသုတေသီတစ် ဦးဖြစ်သူ ဦးဇော်လင်းတို့ တက်ရောက်ခဲ့ကြပါသည်	3
အင်ဒိုနီးရှား၊ ဘာလီကျွန်းသို့ Honeymoon ထွက်ခဲ့ကြတဲ့ ပြေတီဦး နှင့် အိန္ဒြာကျော်ဇင်	3
သရုပ်ဆောင်အိန္ဒြာကျော်ဇင် ဟာ (၄)လ သား ကိုယ်ဝန်လွယ်ထားပြီလို့သိရပါတယ်။ နာမည်ကြီး သရုပ်ဆောင်တွေဖြစ်ကြတဲ့ ပြေတီဦး နဲ့ အိန္ဒြာကျော်ဇင် တို့ဟာ	3
ဇန်နဝါရီလအတွင်း မှာ မင်္ဂလာဧည့်ခံပွဲ အခမ်းအနား (၆) ပွဲဆက်တိုက်ကျင်းပပြီး လက်ထပ်ခဲ့ကြတာပါ။ 	3
သရုပ်ဆောင်အိန္ဒြာကျော်ဇင် ဟာ (၄)လ သား ကိုယ်ဝန်လွယ်ထားပြီလို့သိရပါတယ်။ 	3
နာမည်ကြီး သရုပ်ဆောင်တွေဖြစ်ကြတဲ့ ပြေတီဦး နဲ့ အိန္ဒြာကျော်ဇင် တို့ဟာ ၂၀၁၁ ခုနှစ် ဇန်နဝါရီလအတွင်း မှာ မင်္ဂလာဧည့်ခံပွဲ အခမ်းအနား (၆) ပွဲဆက်တိုက်ကျင်းပပြီး လက်ထပ်ခဲ့ကြတာပါ။ 	3
ဒါရိုက်တာ ကိုဇော်(အာရုံဦး)ရိုက်ကူးမဲ့	3
မိုင်လေးရဲ့ ဂီတ အပေါ်ခံစားမှု လေးပြောပါဦး။ သီချင်းတွေ ဆိုတာ မိုင်လေးနဲ့ ငယ်စဉ် ကတည်း ကရင်းနှီး ပြီးသားပါ။	3
သြစတြေးလျ နိုင်ငံမှာ သွား ရောက် ဖျော်ဖြေခဲ့တဲ့ ချမ်းချမ်းတစ် ယောက် ချစ်သူ မော်ဒယ်လ် သရုပ် ဆောင်ဘုဏ်းသိုက် နဲ့လမ်းခွဲ လိုက်ပြီ ဆိုတဲ့ သတင်းက	3
ဝေဖန်တာတွေ စိတ်ထဲထည့်နေရင် အလုပ်ထိခိုက် နိုင်တယ်ဆိုတဲ့ ဝိုင်းစုခိုင်သိန်း	3
အခုနောက်ပိုင်း ဝိုင်းစုခိုင်သိန်း သီချင်းဆိုတဲ့ဘက်ကို ဦးစားပေး ထားတာလား	3
အချစ်က ရယူခြင်း မဟုတ်ဘူး ဆိုတဲ့ ဝတ်မှုန်ရွှေရည်	3
တီဗွီကြော်ငြာ တွေ Bill Board တွေကနေ သရုပ်ဆောင် လောက ထဲကို ခြေချလာတဲ့ ဝတ်မှုန်ရွှေရည် ဟာ အခု ဆိုရင် နေရာစုံ၊ 	3
ကဏ္ဍစုံ၊ ဇာတ်ကောင် စရိုက် မျိုးစုံကို ကျွမ်းကျင် ပိုင်နိုင်စွာ သရုပ် ဆောင် လာနိုင်ပါပြီ။ ဝတ်မှုန်ရွှေရည် နဲ့ ခဏတာ မေးဖြစ်ခဲ့ တာတွေကတော့ ဝတ်မှုန် ဇာတ်ကားတွေရိုက်တဲ့အခါမှာ စာချုပ်ရှိလား	3
ဒီနေ့ အနုပညာ ရေစီး ကြောင်းမှာ အောင်မြင်မှုတွေနဲ့ အတူ အလှအပ တွေ တစ်နေ့ တခြား တိုးလာတဲ့ “မိုးဟေကို”ကို တွေ့ရပါတယ်	3
အလှတွေ တိုးလာတဲ့ မိုးဟေကိုရဲ့ အလှတရား လျှို့ဝှက်ချက် တွေကို ထုတ်ဖော် ကြည့်မိတော့… “	3
မိုးအမြင် ပြောရရင် မိန်းကလေး တစ်ယောက်ရဲ့ဘဝမှာ အလှတရားက ရာနှုန်းပြည့် တော့ အရေးပါမယ် မထင်ပါဘူး။ ရာခိုင်နှုန်း ၅၀ တော့ အရေးပါ မယ်	3
ဖြတ်လမ်းက အောင်မြင်ဖို့ မရှိဘူး ဆိုတဲ့ ဖွေးဖွေး	3
ဒီနေ့ ကာလဟာ အနုပညာ မျိုးဆက်သစ် သရုပ်ဆောင်သစ်တွေ အများအပြားပေါ်ထွက်တဲ့ ကာလ တစ်ခုလို့ ဆိုရမှာပဲဖြစ်ပါတယ်။	3
အချို့ မျိုးဆက်သစ် တွေက အနုပညာ ဝမ်းစာပြည့်ဝ သလို ကြိုးစားလို စိတ် အပြင်းအထန် ထက်သန်သူ တွေကိုလည်း တွေ့ရပါတယ်	3
မိမိ အနုပညာရှင်သန် ရပ်တည်ဖို့ အတွက် အပြင်း အထန်ကြိုးစား သွားရင် နေရာ	3
ထိုင်းနိုင်ငံ ဒေသစံတော်ချိန် နံနက် ၉ နာရီ မိနစ် ၂၀ (မြန်မာစံတော်ချိန် ၉ နာရီ) အချိန်က ထိုင်းနိုင်ငံ၊ ဘန်ကောက်မြို့ရှိ ဆမ်မီတဝေ့ ဆေးရုံကြီး၌ ကွယ်လွန်ခဲ့ကြောင်း သတင်း ရရှိပါသည်။	3
မင်းသား ရဲတိုက်ရဲ့ 'ရဲတိုက်ဖောင်ဒေးရှင်း'ကနေဖောင်ဒေးရှင်းနဲ့အတူ လက်တွဲလုပ်ဆောင်ချင်တဲ့ စေတနာ့ ဝန်ထမ်းတွေကို ဖိတ်ခေါ်နေပါပြီ။	3
ACID အဖွဲ့မှ အဖွဲ့သားနှစ်ဦးဖြစ်သည့် ရန်ရန်ချန်းနှင့် ဇေယျာသော်ကို ရန်ရန်ချန်း၏ ဗိုလ်အောင်ကျော်လမ်းရှိ နေအိမ်တွင် တွေ့ရစဉ်။ 	3
ဂီတသစ်ကို ရဲရဲဝံ့ဝံ့ချပြပြီး အယ်လ်ဘမ်တစ်ချပ်တည်းနဲ့ အောင်မြင်မှု ရခဲ့တဲ့ သူတို့အဖွဲ့ကဟစ်ပ်ဟော့သမိုင်းမှာတော့ ပထမဆုံး စာမျက်နှာ	3
‘ဆိုင်းဇီ နံပါတ်တစ်ကြီး ဖြစ်ချင်နေတာလည်း မဟုတ်ပါဘူး။ အခုရထားတဲ့ ပရိသတ်အားပေးမှုနဲ့ပဲ ကျေနပ်ပါတယ်’၊ Lဆိုင်းဇီနှင့် တွေ့ဆုံခြင်း	3
‘မောင်တို့ချယ်ရီမြေ’ တေးစီးရီးထွက်ရှိစဉ်အခါက ဆွဲဆောင်မှုရှိတဲ့ အသံအေးအေးလေးနဲ့ ပရိသတ် သတိထားမိစေခဲ့တဲ့ တိုင်းရင်းသူလေး တစ်ယောက်လို့ 	3
 ပရိသတ်အများစုရဲ့ ရင်ထဲကို ထိုးဖောက်သွားပြီးနောက်မှာ ‘မိုးရာသီထဲ’သီချင်းနဲ့ Lဆိုင်းဇီက နောက်ထပ်မှတ်တိုင်တစ်ခု ထပ်စိုက်နိုင်ခဲ့သလို 	3
 ခုလို ပြောပြခဲ့ပါတယ်။ ''အဲဒီမြို့ကို ရောက်တာနဲ့ ဘာမှမမြင်ရသေးဘူး။ ဝမ်းနည်းသလို၊ ကြေကွဲ သလိုခံစားရတယ်။	3
ဆိုလိုက်တာနဲ့ ကချင်တိုင်းရင်းသူလေး Lဆိုင်းဇီဆိုတာ သိကြပြီးဖြစ်မှာပါ။ အဲဒီအခွေထဲက ‘လှည့်ကြည့်ပါဦး’ သီချင်းလေးက	3
ဗီဒီယိုနဲ့ ရုပ်ရှင်ဇာတ်ကားတချို့ မှာလည်း ပီပြင်သော သရုပ်ဆောင်မှုတွေနဲ့ ပုံဖော်ပြနိုင်ခဲ့ပါသေးတယ်။	3
ဂီတသစ်ကို ရဲရဲဝံ့ဝံ့ချပြပြီး အယ်လ်ဘမ်တစ်ချပ်တည်းနဲ့ အောင်မြင်မှု ရခဲ့တဲ့ သူတို့အဖွဲ့ကဟစ်ပ်ဟော့သမိုင်းမှာတော့ ပထမဆုံး စာမျက်နှာ	3
‘ဆိုင်းဇီ နံပါတ်တစ်ကြီး ဖြစ်ချင်နေတာလည်း မဟုတ်ပါဘူး။ အခုရထားတဲ့ ပရိသတ်အားပေးမှုနဲ့ပဲ ကျေနပ်ပါတယ်’၊ Lဆိုင်းဇီနှင့် တွေ့ဆုံခြင်း	3
ဝတ်မှုန်ရွှေရည် နှင့် တေဇ သား ချစ်သူတွေဖြစ်နေပြီလား သူတို့ စုံတွဲဓါတ်ပုံတွေ အင်တာနက်ပေါ်မှာ ပြန့်နှံနေ	3
မင်းသမီး ဝတ်မှုန်ရွှေရည် တယောက်အခုတလော စီးပွါးရေးလုပ်ငန်းရှင် တေဇ သား နဲ့ တွဲနေတဲ့ ဓါတ်ပုံတွေ ထွက်လာပါတယ်။ 	3
ဝတ်မှုန်ရွှေရည် ဟာ အဆိုတော် စိုင်းစိုင်းခမ်းလှိုင် ရဲ့ ရည်းစား လို့လည်း ဆိုပါတယ်	3
တက်သစ်စ အချိန်တုန်းကတော့ ဗိုလ်ချုပ်သန်းရွှေ မြေး ဖိုးလပြည့် နဲ့ မေမြို့ ကို ပါသွားတယ်ဆိုတဲ့ သတင်းတွေလည်း ထွက်ခဲ့ဖူးပါတယ်။	3
သြစတြေးလျ နိုင်ငံမှာ သွား ရောက် ဖျော်ဖြေခဲ့တဲ့ ချမ်းချမ်းတစ် ယောက် ချစ်သူ မော်ဒယ်လ် သရုပ် ဆောင်ဘုဏ်းသိုက် နဲ့လမ်းခွဲ လိုက်ပြီ ဆိုတဲ့ သတင်းက	3
ပရိသတ်များကြား မှာ ရေပန်းစား နေပါတယ်။ ချမ်း ချမ်းနဲ့ တွေ့ဆုံခိုက်မှာ ချစ်သူနဲ့ဘာ ကြောင့် လမ်းခွဲ ရတယ်ဆိုတာကို မေးမြန်းတဲ့ အခါသူမကလည်း ခံစားချက် အပြည့်နဲ့	3
သရုပ်ဆောင် မင်းသမီး တစ်ယောက်ဖြစ်ဖို့ အချိန်တွေ များစွာကို ရင်းပြီး ကျော်ဖြတ် ကြိုးစား ကြရတဲ့ သူတွေ အများကြီး ရှိမှာပါ။	3
ကြိုးစားမှု လုံ့လ ဝီရိယ ရှိရင် ဘယ်အရာမဆို အောင်မြင်နိုင်တယ် ဆိုတဲ့အတိုင်း ချင်းပြည်နယ်ကနေ ရန်ကုန်ကို လာပြီး သရုပ်ဆောင်	3
 ဖြစ်ဖို့ ကြိုးစားခဲ့ သူက သက်မွန်မြင့် ဆိုတာ သိထားပြီး ကြမှာပါ။ မြန်မာပြည်ရဲ့ ဗီဒီယို၊ ရုပ်ရှင်စျေးကွက်က	3
သင်ရဲ့မိတ်ဆွေတွေ ဘာတွေဖတ်သလဲ စိတ်ဝင်စားသလဲ	3
ကျော်ထက်အောင် နှင့် တွေ့ဆုံခြင်း	3
‘ခဏနေရင် ပြန်လာခဲ့ပါမယ်’၊ ‘မီးလေးခဏလောက်မှိတ်ပေးပါဦး’ စသည့်စကားလုံးများဖြင့်  မြန်မာအိုင်ဒေါ၏အစီအစဉ်တင်ဆက်သူ ကျော်ထက်အောင် ကို 	3
လက်ရှိတွင် ကျော်ထက်အောင်က ကျော်ထက်ဟူသည့်အမည်ဖြင့် ဇာတ်ကားများလည်း ရိုက်ကူးနေပြီဖြစ်သောကြောင့် အိုင်ဒေါနှင့်ပတ်သတ်သည့်အကြောင်းအရာများအပါအဝင် 	3
၎င်း၏အနုပညာလှုပ်ရှားမှုများအကြောင်း တွေ့ဆုံမေးမြန်းခဲ့ပါသည်။	3
ရန်ကုန်မှာပဲဖျော်ဖြေကြမယ့် အမေများအဖွဲ့	3
ယခုနှစ် သင်္ကြန်ကာလ တွင် မြို့တိုင်း၌ မဏ္ဍပ်နည်းသော ကြောင့် ရန်ကုန်မြို့တွင်သာ ဖျော် ဖြေမည်ဟု အမေများအဖွဲ့ခေါင်း ဆောင် မင်းသမီးကြီး ဒေါ်နွဲ့နွဲ့စန်းက ပြောသည်။	3
သျှောင်ပေစူးလေးတွေပါဝင်ဖျော်ဖြေမယ့် ကျော်သူရဲ့ သံချပ်အဖွဲ့	3
မန္တလေးမြို့တွင် ဖျော်ဖြေ မည့် ကျော်သူပရဟိတကွန်ရက်အ ဖွဲ့၏  ချိတ်သံချပ်အဖွဲ့၌ စက် စက်ယိုကျေးရွာမှ သျှောင်ပေစူး ကလေးငယ်များလည်း ပါဝင်ဖျော် ဖြေမည်	3
 တောင်ကိုရီးယားမင်းသား ဂျောင်အင်ဝူးသည် ယာဉ်မတော် တဆမှုဖြစ်ပွားခဲ့သည်။ ဂျောင်အင်ဝူး၏ ကုမ္ပဏီက ‘‘မနေ့က ယာဉ်မတော်တဆမှုဖြစ် ခဲ့တယ်ဆိုတာ	3
ဟုတ်ပါတယ်။ သူ့ ကားကို နောက်ကနေ ဝင်တိုက််မိ တာပါ’’ဟု ဧပြီ ၉ ရက်တွင် ပြော သည်။	3
ခင်ပွန်းနဲ့ ကွာရှင်းလိုက်တဲ့ ဂျက်နက်ဂျက်ဆင်	3
အမေရိကန်အဆို တော် ဂျက်နက်ဂျက်ဆင်သည် ခင်ပွန်းဖြစ်သူ စီးပွားရေးသမား ဝီဆမ်အယ်လ်မာနာနှင့် ကွာရှင်း လိုက်ပြီဖြစ်သည်။	3
ဖေဖော်ဝါရီ ၃ ရက်က သားဦးကလေး အီဆာအယ်လ်မာ နာကို မွေးဖွားခဲ့သော အဆိုပါ ဇနီး မောင်နှံသည် အိမ်ထောင် သက် ငါးနှစ်တွင် ကွာရှင်းခဲ့ခြင်း ဖြစ်သည်။	3
‘နာမည်တွင်ကျန်ရစ် မယ်’ ရုပ်ရှင်ဇာတ်ကားတွင် လယ် သိမ်းခံ တောင်သူတစ်ဦးအဖြစ် ပါဝင်သရုပ်ဆောင်ပြီး လက်ပံ တောင်းဒေသ၌ သေနတ်ပစ်ခံရ၍ သေဆုံးခဲ့သော ဒေါ်ခင်ဝင်း၏ဖြစ် စဉ်ကို ထည့်သွင်းရိုက်ကူးထား 	3
ရှေ့နေဇာတ်ရုပ်နဲ့ တွေ့ရမယ့် မေဘရဏီသော်	3
‘ပန်းနှစ်ပွင့်စီးချင်း’ ဇာတ်လမ်းတွဲကို ဇာတ်လမ်းပုံစံ ဆန်းသောကြောင့် လက်ခံရိုက် ကူးခဲ့ခြင်းဖြစ်ပြီး ရှေ့နေပုံစံဖြင့် သရုပ်ဆောင်နေကြောင်း မေဘရဏီသော်က ပြောသည်။	3
ဒီနေ့တော့ တောင်ကိုရီးယား ဇာတ်လမ်းတွဲသစ်လေး ပရိသတ် တွေ အကြိုခံစားရအောင်လို့ ဖော်ပြလိုက်ပါတယ်။	3
ကျောင်းကပွဲ အတူတက်ရောက်ဖို့ ကမ်းလှမ်းမှုကို အကြောင်းပြန်ပေးတဲ့ အမ်မာစတုန်း	3
အမေရိကန် မင်း သမီး အမ်မာစတုန်းက အရီဇိုးနား ပြည်နယ်မှ ကျောင်း သားတစ်ဦးက ကျောင်းကပွဲအတူ တက်ရန် ဗီဒီယိုကမ်းလှမ်းမှုကို ပြန်လည် အကြောင်း	3
စာတစ်ကြောင်းဆင်ဆာဖြတ်ခံရတဲ့ ဗေလုဝတို့ သံချပ်အဖွဲ့	3
ဆဲဆိုသည့်သဘော သက်ရောက်သည့် စာတစ်ကြောင်းသာ စိစစ်ရေးက ဖြတ်တောက်ခဲ့ ကြောင်း မြန်မာပြည်နိဒါန်းသံချပ် အဖွဲ့ခေါင်းဆောင် ဗေလုဝက ပြောသည်။	3
တောင်ကိုရီးယား အမျိုး သားအဆိုတော်အဖွဲ့ 2PM သည် ရုတ်တရက် ရပ်ဆိုင်းခဲ့သော ၎င်းတို့၏ ဖျော်ဖြေပွဲတစ်ခုကို ပြန် လည်ပြုလုပ်မည်ဖြစ်သည်	3
သင်္ကြန်အတွက် အိုးမဲတီရှပ်ဖြန့်မယ့်G Fatt	3
ကိုယ်ပိုင်အမှတ်တံဆိပ် ဖြင့် အဝတ်အစားများ ဖြန့်ချိနေ သည့် G Fatt က သင်္ကြန်အတွက် ရည်ရွယ်၍ အိုးမဲတီရှပ် ဖြန့်ချိမည် ဟု ပြောသည်။	3
အဒဲလ်ဆီက မွေးနေ့လက်ဆောင်ရခဲ့ဖူးတယ်ဆိုတဲ့ ဟယ်ရီစတိုင်လ်	3
အဖွဲ့ဝင် ဟယ်ရီစတိုင်လ်သည် ၎င်း၏ (၂၁) နှစ်ပြည့်မွေးနေ့တွင် ဂရမ်မီဆုရှင် အဒဲလ်ထံမှ အထူး လက်ဆောင်ရရှိဖူးကြောင်း ထုတ်ဖော်ပြောကြားခဲ့သည်။	3
တစ်ကိုယ်တော်ဖျော်ဖြေပွဲပြုလုပ်မယ့် အဆိုတော် တေယွန်	3
အမျိုးသမီးအဆိုတော် Girls’ Generation အဖွဲ့မှ တေယွန်သည် တစ်ကိုယ်တော်ဂီတ ဖျော်ဖြေပွဲပြုလုပ်မည်ဖြစ်ကြောင်းသိရသည်။	3
နောက်ကျောက ဓားကို စိတ်လှုပ်ရှားနေတဲ့ ဆိုဖီယာ	3
သရုပ်ဆောင်အနေဖြင့် ပထမဆုံး ရိုက်ကူးထားသည့်  နောက်ကျောကဓား ဇာတ်ကား နှင့် ပတ်သက်၍ ပရိသတ်များ၏ တုံ့ပြန်မှုအပေါ် စိတ်လှုပ်ရှားနေ 	3
ထာဝရသင်္ကြန် မိသား စုက ကြီးမှူးကျင်းပသည့် မြန်မာ့ ရိုးရာသင်္ကြန်သံချပ်ပြိုင်ပွဲကို 4 HD ရုပ်သံလိုင်းမှ တိုက်ရိုက်ထုတ်လွှင့် ပြသမည်ဟု	3
 ပရိသတ်များ၏ တုံ့ပြန်မှုအပေါ် စိတ်လှုပ်ရှားနေ ကြောင်း ဆိုဖီယာ (Myanmar Idol) က ပြောသည်။	3
ရုပ်ရှင်အကြိုကဏ္ဍအတွက် ဒီနေ့ဖော်ပြမှာကတော့ အမေရိကန် သည်းထိတ်ရင်ဖို မှုခင်း အက်ရှင်ကားပဲဖြစ်ပါတယ်။	3
အဖွဲ့ဝင်သစ်နှစ်ဦးကို ထပ်မံခေါ်ယူမယ့် DIA အဖွဲ့	3
 တောင်ကိုရီးယားအမျိုး သမီး အဆိုတော်အဖွဲ့ DIA က အဖွဲ့ဝင်သစ်နှစ်ဦး ခေါ်ယူမည်ဖြစ် သည်။လက်ရှိအဖွဲ့ဝင် ခုနစ်ဦးရှိရာနောက်ထပ်	3
ခင်ပွန်းဟောင်းနဲ့အတူ ပွဲတက်လာတဲ့ စကားလက် ဂျိုဟန်ဆန်	3
အမေရိကန်မင်း သမီး စကားလက်ဂျိုဟန်ဆန် သည် မကြာမီက ကွာရှင်းခဲ့သော ခင်ပွန်းဟောင်း ရိုမိန်းဒါရီနှင့် နယူးယောက်မြို့တွင် ကျင်းပ သည့်	3
နွမ်းပါးကလေးငယ် ၂၀ ကျော်ကို ရှင်ပြုပေးတဲ့ အလှမယ်အဖွဲ့	3
အလှမယ်များ စုပေါင်း ဖွဲ့စည်းထားသည့် Miss Myan-mar Charity Group ၏ နှစ်ဦး အလှူအဖြစ် ဆင်းရဲနွမ်းပါးသည့် ကလေးငယ် ၂၄ ဦးကို ရှင်ပြု အလှူပြုခဲ့ကြောင်း သတင်းရရှိ သည်။	3
ဂျာနယ်တိုက်ပိုင်ရှင်အဖြစ် သရုပ်ဆောင်ထားတဲ့ ပိုင်ဖြိုးသု	3
နေဝင်အိပ်တန်းတက်’ ဇာတ်ကားတွင် ဝါရင့်သရုပ် ဆောင် များနှင့်အတူ သရုပ်ဆောင် ထားသောကြောင့် မိမိဘက်ကလို အပ်ချက်များရှိနေမည်ကို စိုးရိမ် ကြောင်း ပိုင်ဖြိုးသုက ပြောသည်။	3
နှင်းဆီအဖွဲ့သားတွေနဲ့ ရိုက်ကူးမယ့် ဇာတ်ကားအတွက် မင်းသမီးအသစ်ခေါ်ယူ	3
နှင်းဆီအဖွဲ့သား အားလုံးပါဝင် ရိုက်ကူးမည့် ‘Rose Rider’ ရုပ်ရှင်ဇာတ်ကားအ တွက် မျက်နှာသစ်မင်းသမီးတစ်ဦးခေါ်ယူမည်ဖြစ်ကြောင်း ဒါရိုက် တာ မောင်မျိုးမင်း (ရင်တွင်းဖြစ်) က ပြောသည်။	3
မယ်ကမ္ဘာမြန်မာ ၂၀၁၇ အတွက် ဆန်ခါတင် အလှမယ် ၂၀ ဦးရွေးချယ်	3
 မယ်ကမ္ဘာမြန်မာ ၂၀၁ရဆန်ခါတင်အလှမယ်များ၏ ပရ ဟိတအစီအစဉ်အဖြစ် ရေတွင်း များ တူးဖော်လှူဒါန်းရန် စီစဉ်ထားကြောင်း ယင်းပြိုင်ပွဲ၏	3
ကိုစိုးသူရကပြောသည်။ ‘‘ရေတွင်းတူးတာကို လှူဖို့ လုပ်နေတယ်။ လောလောဆယ် တော့ နေရာက အတိအကျမဖြစ် သေးဘူး’’ဟု ၎င်းက ပြောသည်။	3
အွန်လိုင်းမှာ လူပြောများနေတဲ့ စူပါမော်ဒယ်ကန်ဒဲလ်ဂျန်နာရဲ့ ပက်စီကြော်ငြာ	3
တိုင်းပြုပြည်ပြုနိုင်ငံကျော်တေးရေးဆရာ မြို့မ ငြိမ်းထံမှ နည်းနာခံယူခဲ့သူ၊ မြို့မအပျော်တမ်းတူရိယာအသင်းကြီး၏ သက်ရှိထင်ရှားသမိုင်းရုပ်ကြွင်းတစ်ခု၊	3
ဂန္ထဝင် သင်္ကြန်မိုး ဇာတ်ကား၏ တေးဂီတဖန်တီးရှင် တစ်ဦးနှင့် သင်္ကြန်တေးသီချင်းများစွာရေးစပ်ခဲ့သူ မြို့မ ကိုပေါ၏ ပင်ကိုရေးအတ္ထုပ္ပတ္တိစာအုပ်ဖြစ်သည်။	3
ဖိုင်နယ်နေ့မှာ သီဆိုတဲ့သီချင်းတွေ မှာ အရင်အပတ်တွေကလောက် ပရိသတ်တွေ စိတ်တိုင်းကျအောင် မဆိုနိုင်ခဲ့ဘူးလို့ သုံးသပ်မှုတွေ အပေါ်မှာ	3
ဘီလီလမင်းအေးနှင့် တွေ့ဆုံခြင်း	3
ပထမအကြိမ်ထက် ပရိသတ် အားပေးမှုများပြားခဲ့သည့် မြန်မာအိုင် ဒေါပြိုင်ပွဲ၏ နောက်ဆုံးပြိုင်ပွဲ သည် ပြိုင်ပွဲဝင်နှစ်ဦးတည်းသာ	3
ယှဉ်ပြိုင်ခဲ့ရသောကြောင့် ပြိုင်ဆိုင် မှု ပိုမိုပြင်းထန်ခဲ့သည်။ Winner ဆုကို ပရိသတ်များ ကြိုတင်ခန့်မှန်းပေးထားသည့် သားငယ်ကရရှိခဲ့ပြီး	3
နောက်ဆုံးပြိုင်ပွဲတွင် အကောင်း ဆုံးယှဉ်ပြိုင်နိုင်သည့် ဘီလီလမင်း အေးအနေဖြင့်လည်း ပရိသတ် မေတ္တာ ပိုမိုရရှိခဲ့သည်။	3
ည်။ ထို့ကြောင့် သားငယ်နှင့် ဘီလီလမင်းအေးတို့ ကို ပြိုင်ပွဲနှင့်ပတ်သက်သည့် ခံစား မှုများအပါအဝင် ရှေ့ဆက်မည့် အနုပညာလှုပ်ရှားမှုများအကြောင်း တွေ့ဆုံမေးမြန်းခဲ့ပါသည်။	3
သင်္ကြန်ကာလနီးလာသည် နှင့်အမျှ ပရိသတ်များက ၎င်းတို့ အားပေးသည့် အနုပညာရှင်များ မည်သည့်နေရာတွင် သဖြတ်သန်း မည်ကို စိတ်ဝင်စားလာကြသည်။ 	3
ထို့ကြောင့် အနုပညာရှင်အချို့၏ သင်္ကြန်ဖြတ်သန်းမှုများကို စုစည်း ဖော်ပြလိုက်ပါသည်။	3
နန်းတော်ရှေ့ ဆရာတင်၏ မိသားစုဝင်များကို နိုုင်ငံပိုင်သတင်းစာကနေ တောင်းပန်တဲ့ သားစိုး	3
 ‘ရောသမထပ်မွှေ’တေး စီးရီးတွင် ပါဝင်သည့် ‘သူဌေးဝါဒ’ သီချင်းနှင့်ပတ်သက်၍ နန်းတော် ရှေ့ ဆရာတင်၏ မိသားစုဝင်များ	3
 စိတ်အနှောင့်အယှက်ဖြစ်ရခြင်း အတွက် အဆိုတော် သားစိုးက နိုင်ငံပိုင် သတင်းစာမှတစ်ဆင့် တောင်းပန်ခဲ့သည်။	3
အမေရိကန်အဆို တော် မီယန်ဒါလမ်ဘတ်သည် (၅၂)ကြိမ်မြောက် ACM Awards ဂီတဆုပေးပွဲတွင် ယခုနှစ် အ ကောင်းဆုံး အမျိုးသမီးအဆို တော်ဆု ဆွတ်ခူးခဲ့သည်။	3
တောင်ကိုရီးယား၏ လူ ကြိုက်များသော ‘Running Man’ အစီအစဉ်က  အဖွဲ့ဝင်သစ်နှစ်ဦး ကို ကြိုဆိိုလိုက်သည်။ 	3
ကမ္ဘာ့နံပါတ်(၁) ရုပ်ရှင် ပွဲတော်ဖြစ်သည့် ကိန်းစ်ရုပ်ရှင်ပွဲ တော်၏ La Fabrique de Cinemas du Monde အစီအစဉ် တွင် မြန်မာနိုင်ငံမှ ရိုက်ကူးမည့်	3
 ‘One Summer Day’ ဇာတ်ကား ရွေးချယ်ခံရသောကြောင့် ယင်း ရုပ်ရှင်ပွဲတော်သို့ တက်ရောက်ရန် အစီအစဉ်ရှိကြောင်း ဒါရိုက်တာ ဝီရကပြောသည်။	3
 တောင်ကိုရီးယားအဆို တော် ဆူဇီသည် JYP Enter- tainment ကုမ္ပဏီနှင့် တရားဝင် စာချုပ်သက်တမ်းကုန်ဆုံးသွားပြီ ဖြစ်သည်။ 	3
 အသက် (၂၂)နှစ်အရွယ် ဆူဇီသည် လက်ရှိတွင် JYP Entertainment ကုမ္ပဏီနှင့် စာချုပ်သစ်ပြန်လည်ချုပ်ဆိုခြင်း မရှိ အခြားကုမ္ပဏီနှင့်လည်း စာချုပ်ချုပ်ဆိုခြင်းမရှိသေးပေ။	3
 အမေရိကန် မင်းသား ခရစ်အီဗန်သည် မတ်လ ၃၁ ရက်က လော့စ်အန်ဂျလိစ် ကလေးဆေးရုံသို့ သွားရောက် ကာ လူနာများနှင့်တွေ့ဆုံခဲ့သည်။	3
အသက် (၃၅)နှစ်အရွယ် ခရစ်အီဗန်သည် Make March Matter အမည်ရ ပရဟိတရန်ပုံ ငွေမြှင့်တင်ခြင်း လှုပ်ရှားမှုအ တွက် လော့အန်ဂျလိစ်မြို့ရှိ 	3
ကိုးကွယ်ယုံကြည်မှုကို အလွဲမသုံးရေးကြည့်ကြဖို့ ဗေလုဝတိုက်တွန်းတဲ့ ရုပ်ရှင်	3
 အကယ်ဒမီဗေလုဝ ကိုယ်တိုင်ရေးဝတ္ထုကို ပြန်လည်ပုံ ဖော်အသက်သွင်းရိုက်ကူးထား သည့် ‘ကြိုးဖြင့်ချည်ထားသော ဗာ ရာဏသီ’ရုပ်ရှင်ကားကို	3
ကိုယ်တိုင်ရေး၊ ဆိုထားသည့် ပထမဆုံး Single Song MTV ကို ဧပြီ ၄ ရက်တွင် ဖြန့်ချိမည်ဟု တေးသံရှင် ခိုင်သဇင်သင်းက ပြောသည်။	3
သရဲခြောက်တဲ့ ရထားတွဲမှာ ဇာတ်လမ်းဆင် ရိုက်ကူးထားတဲ့ ‘ဂျုံးဂျုံးဂျက်ဂျက်’ ဇာတ်ကား	3
‘ဂျုံးဂျုံးဂျက်ဂျက်’ ရုပ်ရှင်ကို ပြန်လည်ကြည့်မိချိန်တွင် ၎င်း၏ သရုပ်ဆောင်မှုများ အဆင်ပြေ သည်ဟု ခံစားရကြောင်း စိုင်းစိုင်း ခမ်းလှိုင်က ပြောသည်။	3
ဒစ္စနေးဥယျာဉ်ကို မိသားစုနဲ့ သွားရောက်လည်ပတ်တဲ့ ဂျက်စီကာအယ်လ်ဘာ	3
မယ်ကမ္ဘာမြန်မာ ၂၀၁၇ အတွက် ဆန်ခါတင် အလှမယ် ၂၀ ဦးရွေးချယ်	3
မြန်မာ့ရုပ်ရှင် လောက၏ အနုပညာ ငွေကြယ်တပွင့်ဖြစ်သူ ရုပ်ရှင်သရုပ်ဆောင် အကယ်ဒမီ နွဲ့နွဲ့မူသည် 	3
သရုပ်ဆောင် မင်းသမီး တစ်ယောက်ဖြစ်ဖို့ အချိန်တွေ များစွာကို ရင်းပြီး ကျော်ဖြတ် ကြိုးစား ကြရတဲ့ သူတွေ အများကြီး ရှိမှာပါ။	3
ရွေးချယ်စရာ မရှိတဲ့ သက်မွန်မြင့်	3
သြစတြေးလျ နိုင်ငံမှာ သွား ရောက် ဖျော်ဖြေခဲ့တဲ့ ချမ်းချမ်းတစ် ယောက် ချစ်သူ မော်ဒယ်လ် သရုပ် ဆောင်ဘုဏ်းသိုက် နဲ့လမ်းခွဲ လိုက်ပြီ ဆိုတဲ့ သတင်းက	3
သီချင်းတွေ ဆိုတာ မိုင်လေးနဲ့ ငယ်စဉ် ကတည်း ကရင်းနှီး ပြီးသားပါ။ မိုင်လေး ကသီချင်း တွေ ဂီတတွေ ကြား ထဲမှာ ကြီးပြင်း လာတာဆိုတာ ဂီတ  ကိုပိုပြီးကြိုက်တယ်	3
သားငယ် နှင့် တွေ့ဆုံခြင်း	3
ဖိုင်နယ်နေ့မှာ သီဆိုတဲ့သီချင်းတွေ မှာ အရင်အပတ်တွေကလောက် ပရိသတ်တွေ စိတ်တိုင်းကျအောင် မဆိုနိုင်ခဲ့ဘူးလို့ သုံးသပ်မှုတွေ အပေါ်မှာ ဘာများပြောလိုပါ သလဲ။	3
ဘီလီလမင်းအေး နှင့်  တွေ့ဆုံခြင်း	3
ပထမအကြိမ်ထက် ပရိသတ် အားပေးမှုများပြားခဲ့သည့်  မြန်မာအိုင် ဒေါပြိုင်ပွဲ၏ နောက်ဆုံးပြိုင်ပွဲ သည် ပြိုင်ပွဲဝင်နှစ်ဦးတည်းသာ ယှဉ်ပြိုင်ခဲ့ရသောကြောင့် ပြိုင်ဆိုင် မှု ပိုမိုပြင်းထန်ခဲ့သည်	3
ဘီလီလမင်းအေး အနေဖြင့်လည်း ပရိသတ် မေတ္တာ ပိုမိုရရှိခဲ့သည်။ ထို့ကြောင့် သားငယ်နှင့် ဘီလီလမင်းအေးတို့ ကို ပြိုင်ပွဲ နှင့် ပတ်သက်သည့် ခံစား မှုများအပါအဝင် ရှေ့ဆက်မည့် အနုပညာလှုပ်ရှားမှုများအကြောင်း တွေ့ဆုံမေးမြန်းခဲ့ပါသည်။	3
Winner ဆုကို ပရိသတ်များ ကြိုတင်ခန့်မှန်းပေးထားသည့် သားငယ်ကရရှိခဲ့ပြီး နောက်ဆုံးပြိုင်ပွဲတွင် အကောင်း ဆုံးယှဉ်ပြိုင်နိုင်သည့်	3
သင်္ကြန်ကာလနီးလာသည် နှင့်အမျှ ပရိသတ်များက ၎င်းတို့ အားပေးသည့် အနုပညာရှင်များ မည်သည့် နေရာတွင် သင်္ကြန်ဖြတ်သန်း မည်ကို စိတ်ဝင်စားလာကြသည်။ ထို့ကြောင့် အနုပညာရှင်အချို့၏ သင်္ကြန်ဖြတ်သန်းမှုများကို စုစည်း ဖော်ပြလိုက်ပါသည်။	3
ဒီနေ့ရဲ့ဗီဒီယိုအညွှန်းကဏ္ဍမှာတော့ လူသတ်မှုတစ်ခု နဲ့ပတ်သက်ပြီး ဖြစ်ပေါ်လာတဲ့ ဇာတ်လမ်းအကြောင်း ရိုက်ကူးထားတဲ့ ဇာတ်ကားကို ညွှန်းလိုက်ပါတယ်။	3
ကိန်းစ်ရုပ်ရှင်ပွဲတော်မှာ ရွေးချယ်ခံရတဲ့ မြန်မာလူငယ်ဒါရိုက်တာတစ်ဦးရဲ့ ဇာတ်ညွှန်း	3
ကမ္ဘာ့နံပါတ်(၁) ရုပ်ရှင် ပွဲတော်ဖြစ်သည့် ကိန်းစ်ရုပ်ရှင်ပွဲ တော်၏	3
 ရုပ်ရှင်ပွဲတော်သို့ တက်ရောက်ရန် အစီအစဉ်ရှိကြောင်း ဒါရိုက်တာ ဝီရကပြောသည်။	3
တရားဝင် စာချုပ်သက်တမ်းကုန်ဆုံးသွားပြီ ဖြစ်သည်။ 	3
အသက် (၂၂)နှစ်အရွယ် ဆူဇီသည် လက်ရှိတွင် JYP Entertainment ကုမ္ပဏီနှင့် စာချုပ်သစ်ပြန်လည်ချုပ်ဆိုခြင်း မရှိ အခြားကုမ္ပဏီနှင့်လည်း စာချုပ်ချုပ် ဆိုခြင်းမရှိသေးပေ။	3
အမေရိကန် မင်းသား ခရစ်အီဗန်သည် မတ်လ ၃၁ ရက်က လော့စ်အန်ဂျလိစ် ကလေးဆေးရုံသို့ သွားရောက် ကာ လူနာများနှင့်တွေ့ဆုံခဲ့သည်။	3
ကိုးကွယ်ယုံကြည်မှုကို အလွဲမသုံးရေးကြည့်ကြဖို့ ဗေလုဝတိုက်တွန်းတဲ့ ရုပ်ရှင်	3
 အကယ်ဒမီ ဗေလုဝ ကိုယ်တိုင်ရေးဝတ္ထုကို ပြန်လည်ပုံ ဖော်အသက်သွင်းရိုက်ကူးထား သည့် ‘ကြိုးဖြင့်ချည်ထားသော ဗာရာဏသီ’ရုပ်ရှင်ကားကို	3
ဧပြီလ ၁၇ ရက် နှစ်ဆန်းတစ်ရက်နေ့တွင် ရုံတင်ပြသမည် ဖြစ်ကြောင်း သိရသည်။	3
ကိုယ်တိုင်ရေး၊ဆို သီချင်းတစ်ပုဒ်ကို အွန်လိုင်းတင်မယ့် ခိုင်သဇင်သင်း	3
 မြန်မာအိုင်ဒေါ ၏ ဒိုင် တစ်ဦးဖြစ်သော မြန်မာပြည်သိန်း တန်က ပြိုင်ပွဲဝင်များကို မှတ်ချက်ပြု ဆုံးဖြတ်ပေးသည့် ပေါ်ပြူလာဖြစ်ခဲ့သော စကားလုံး ‘No ပါ အန်ကယ်ကတော့ No ပါ’	3
 စကား လုံးကို သီချင်းအဖြစ်ရေးသား သီဆိုထားကာ ဧပြီ ၃ ရက်တွင် ဖြန့်ချိမည်ဖြစ်သည်။	3
အလှကုန် တစ်ခုအတွက် ကြော်ငြာရိုက်ကူးတဲ့ မင်းသား လီဂျွန်ဆူ	3
တောင်ကိုရီးယားမင်းသားနှင့် မော်ဒယ် လီဂျွန်ဆူသည် ‘Celebeau’ အလှကုန်အမှတ်တံဆိပ်အတွက် ကြော်ငြာရိုက်ကူးခဲ့ကြောင်း သိရသည်။ 	3
အလှကုန်ကြော်ငြာ ပိုစတာတစ်ခုတွင် အမျိုးသမီး မော်ဒယ်တစ်ဦးနှင့် အတူ လီဂျွန်ဆူသည် လက်တစ်ဖက်၌ နှုတ် ခမ်းနီတစ်ချောင်း ကိုင်ထားသည့်ပုံကို	3
ပရိသတ်တွေ အတွက် Surprise အစီအစဉ် တွေပါဝင်မယ့် April Idiots 	3
 ဧပြီ ၁ ရက် April Fool Day တွင် ပြုလုပ်မည့် April Idiotsပွဲတွင် ပရိသတ်များအတွက် Sur-prise ဖြစ်စေမည့် အစီအစဉ်များ ပါဝင်မည်ဟု ရေမွန်(Idiots) က ပြောသည်။	3
နာမည်ကျော် အမေရိကန်မင်းသမီး စကား လက်ဂျိုဟန်ဆန်သည် နိုင်ငံရေး လှုပ်ရှားရန် စဉ်းစားနေသည်။	3
အိုင်ဒေါပြိုင်ပွဲဝင်များ၏ အနုပညာလှုပ်ရှားမှုများအတွက် အဖွဲ့အစည်းသို့ တရားဝင်အကြောင်းကြားမှုမရှိသေးဟုဆို	3
လူမှုကွန်ရက် စာမျက်နှာ များတွင် ပျံ့နှံ့နေသော မြန်မာအိုင် ဒေါမှ ပြိုင်ပွဲဝင်များ၏ အနုပညာ လှုပ်ရှားမှုများနှင့် ပတ်သက်၍	3
မြန်မာ အိုင်ဒေါပြိုင်ပွဲ Exective Producer ဦးစိုင်းဇွမ်ဖက ပြောသည်။	3
ရန်ကုန်မြို့တွင် လာ ရောက်ဖျော်ဖြေမည့် EXO အဖွဲ့ က မြန်မာပရိသတ်များအတွက် နှုတ်ခွန်းဆက်စကား ပြောကြားသည့် 	3
ဗီဒီယိုဖိုင်တစ်ခုကို Kpop Festival 2317 in Myanmar ဖေ့စ်ဘွတ်ခ်စာမျက်နှာ၌ တင်ခဲ့ သည်။	3
ဇာတိမြို့မှာ စာသင်ကျောင်းသစ်လှူဒါန်းတဲ့ ရှာကီရာ	3
ကိုလံဘီယာကြယ်ပွင့် အဆိုတော် ရှာကီရာသည် ၎င်း၏ ဇာတိမြို့ဖြစ်သော ဘာရန်ကွီလာ တွင် စာသင်ကျောင်းသစ်တစ် ကျောင်း ဖွင့်လှစ်ခဲ့သည်။	3
မှတ်တမ်းရုပ်ရှင်အတွက် မြောက်ကိုရီးယားနဲ့ နယ်စပ်ကို သွားရောက်တဲ့ လီမင်ဟို	3
တောင်ကိုရီးယားမင်းသား လီမင်ဟိုသည် တောင်ကိုရီးယား နှင့် မြောက်ကိုရီးယားနယ်စပ်ဒေ သသို့ မှတ်တမ်းရုပ်ရှင်သွား ရောက်ရိုက်ကူးစဉ်	3
ဘော်လီဘောထပ်ကစားချင်တဲ့ အေးမြတ်သူ	3
သဲသောင်ပြင်ဘော်လီ ဘောပြိုင်ပွဲတွင် ရှုံးနိမ့်ခဲ့သော် လည်း ထပ်မံကစားလိုကြောင်း အေးမြတ်သူက ပြောသည်။	3
လက်ထပ်ဖို့ ဆုံးဖြတ်လိုက်တဲ့ လီဆန်ဝူးနဲ့ ကင်ဆိုယွန်း	3
နာမည်ကျော်ကိုရီးယား  ဇာတ်လမ်းတွဲ ALL The Eve ၏ မင်းသမီး ကင်ဆိုယွန်းက မင်း သားလီဆန်ဝူးနှင့် လက်ထပ်တော့ မည်ဟုကြေညာသည်။	3
Galaxy Star သီချင်းဆိုပြိုင်ပွဲ ဧပြီ ၇ ရက်တွင် စတင်ထုတ်လွှင့်မည်	3
 ဆုကြေးငွေ ကျပ်သိန်း ၁,၀၀၀  အထိ  ရရှိနိုင်သည့် Galaxy Star အမည်ရှိ အဆိုပြိုင် ပွဲကို ဧပြီ ၇ ရက်တွင် MRTV-4 ရုပ်သံလိုင်းမှ စတင်ထုတ်လွှင့်	3
အသက်(၆၀)ကျော်မှ အလှမယ်ဖြစ်လာတဲ့ ဟာသသရုပ်ဆောင်မတူး	3
Miss တစ်ဦး၏တာဝန် များကို သရုပ်ဆောင်အလုပ်နှင့်အ တူ ကျေပွန်အောင် ဆောင်ရွက် မည်ဟု ဟာသသရုပ်ဆောင် မတူးက ပြောသည်။	3
မဟာဂန္ထဝင် ၁၀၀ သန်းစိုးနိုင် (ဘာသာပြန်သည်)	3
မြန်မာနိုင်ငံတွင် ကမ္ဘာ့ဂန္ထဝင် ဝတ္ထုရှည်ကြီးများ ကို မိတ်ဆက် ဘာသာပြန်ဆိုထားသော စာအုပ် အများအပြားမရှိပါ။	3
နီနီခင်ဇော် နှင့် တွေ့ဆုံခြင်း	3
အဆိုတော် နီနီခင်ဇော်၏ တစ်ကိုယ်တော်ဖျော်ဖြေပွဲကို ဧပြီ ၁ ရက်တွင် ပြည်သူ့ရင်ပြင်၌ ကျင်းပတော့မည်ဖြစ်သည်။ 	3
တစ်ကိုယ်တော် ဖျော်ဖြေပွဲကို ယခင်က ၂၀၁၇ နှစ်ဆန်းတွင် ပြုလုပ်ရန် စီစဉ်ခဲ့ သော်လည်း အကတိုက်ရင်း ခါးနာခဲ့သဖြင့် ရက်ရွှေ့ခဲ့ခြင်း ဖြစ်သည်။	3
နီနီခင်ဇော်ကို ၎င်း၏ တစ်ကိုယ်တော် ဖျော်ဖြေပွဲ ပြင်ဆင်မှုများအပါအဝင် တင် ဆက်ပေးမည့် အစီအစဉ်များ နှင့် ပတ်သက်၍ တွေ့ဆုံမေးမြန်းခဲ့ပါသည်။	3
ကျန်းမာရေးကြောင့် မဲဆွယ်စည်းရုံးရေးမှာ မပါဝင်နိုင်တဲ့ ဗေလုဝ	3
ကျန်းမာရေးအခြေအနေကြောင့် ကြားဖြတ်ရွေးကောက်ပွဲအတွက် မဲဆွယ်စည်းရုံးမှုများတွင် မပါဝင် နိုင်တော့ကြောင်း အကယ်ဒမီ ဗေလုဝက ပြောသည်။	3
အမေရိကန်မှာ တက္ကသိုလ််တက်ဖို့ စီစဉ်နေတဲ့ ဘက်ခမ်းရဲ့ သားကြီး	3
ဘရွတ်ကလင်းဘက် ခမ်းသည် ယခုနှစ်တွင် ဓာတ်ပုံ ပညာလေ့လာရန် တက္ကသိုလ် တက်ရောက်မည်ဖြစ်သည်။ 	3
ရန်ကုန်မှာ ဖျော်ဖြေမယ့် 2NE1 အဖွဲ့ဝင် CL	3
2NE1 အဖွဲ့မှ အဆို တော် CL အပါအဝင် အမေရိကန် နိုင်ငံမှ နာမည်ကြီး ရက်ပ်ပါများ ပါဝင်မည့် ဖျော်ဖြေပွဲကို ရန်ကုန် တွင် မေလအတွင်း ပြုလုပ်ရန် အစီအစဉ်ရှိ	3
ပွဲစီစဉ်သူ ကိုဂျောမရန်က ပြောသည်။	3
 တောင်ကိုရီးယား အမျိုးသမီး အဆိုတော်အဖွဲ့ A Pink မှ အဖွဲ့ဝင် အွန်ဂျီသည် ခါးနာဝေဒ နာကြောင့် ဆေးရုံသို့ အပြေးအလွှားသွားရောက်ခဲ့ရသည်။	3
နှစ် ၂၀ ဝေးကွာနေတဲ့ ပရိသတ်ကို သီချင်းလက်ဆောင်ပေးတဲ့ မဒီ	3
တစ်ကိုယ်တော်အခွေ ထွက်ရှိရန် ပြင်ဆင်နေသည့် အဆိုတော် မဒီက ၎င်းပြန်လာမည့်အ ချိန်ကိုစောင့်၍ ယုံယုံကြည်ကြည် အားပေးခဲ့သည့် 	3
ပရိသတ်များအား ကျေးဇူးတင်ကြောင်း Madi Page တွင် ရေးသားခဲ့သည်။	3
အမေရိကန်အနုပညာကုမ္ပဏီနဲ့ စာချုပ်သစ်ချုပ်ဆိုတဲ့ လီဗြောင်ဟွန်း	3
တောင်ကိုရီးယားမင်းသား လီဗြောင်ဟွန်းသည် အမေရိကန် အနုပညာကုမ္ပဏီတစ်ခုနှင့် စာချုပ်သစ်ချုပ်ဆိုခဲ့သည်။	3
လီ ဗြောင်ဟွန်း၏ တောင်ကိုရီးယား အနုပညာကုမ္ပဏီ BH Entertainment က ၎င်းသည် ဟောလိ ဝုဒ်မှ	3
မြန်မာအိုင်ဒေါမှ အကောင်းဆုံးအရှုံးသမားများ	3
 ပရိသတ်များ အပတ်စဉ် စောင့်ကြည့်ခဲ့သည့် မြန်မာအိုင်ဒေါ အဆိုပြိုင်ပွဲ ပြီးဆုံးပြီဖြစ်သည်။	3
 ပရိသတ်များကြိုတင်ခန့် မှန်းထားသည့်အတိုင်း သားငယ် ဆုရရှိခဲ့သောကြောင့် ဆုနှင့်ပတ် သက်၍ 	3
ဝေဖန်သူ နည်းသော် လည်း ပြိုင်ပွဲကျင်းပရန် ကြာမြင့် ခြင်းနှင့် မလိုအပ်သည့် အစီအစဉ် များ ထည့်သွင်းသည်ဟုဆိုကာ ဝေဖန်သူများရှိခဲ့	3
ဖက်ရှင်မဂ္ဂဇင်းအတွက် ပြင်သစ်နိုင်ငံမှာ ဓာတ်ပုံရိုက်ကူးတဲ့ လီဆီယောင်	3
နာမည်ကျော် တောင်ကို ရီးယားမင်းသမီး လီဆီယောင် သည် ဖက်ရှင်မဂ္ဂဇင်းတစ်ခုအ တွက် ပါရီမြို့တွင် ဓာတ်ပုံရိုက်ကူး ခဲ့သည်။	3
ဒုတိယတစ်ကိုယ်တော်အခွေ စီစဉ်နေတဲ့ ဟန်သီ	3
ပထမအခွေနှင့် မတူညီသည့် ပရိသတ်ရင်ထဲအထိ ရောက်ရှိနိုင်မည့် သီချင်းများပါဝင်သော ဒုတိယမြောက် တစ်ကိုယ်တော်အခွေ စီစဉ်နေသည်ဟု ဟန်သီက	3
ရည်းစားဟောင်း ကေတီပယ်ရီအကြောင်း သီချင်းရေးတဲ့ ဂျွန်မယ်ရာ	3
အမေရိကန် အဆိုတော်၊ သီချင်းရေးဆရာ ဂျွန်မယ် ရာက ၎င်း၏ ‘Still Feel Like Your Man’ အမည်ရှိ သီချင်းမှာ ရည်းစားဟောင်း ကေတီပယ်ရီအ ကြောင်း	3
ရေးစပ်ခဲ့သည်ဟု ပြောသည်။ အမေရိကန် အဆိုတော် ကေတီပယ်ရီနှင့် ဂျွန်မယ်ရာတို့ သည် တစ်နှစ်ကျော်ကြာ လက်တွဲခဲ့ပြီး ၂၀၁၄ ဖေဖော်ဝါရီတွင် လမ်းခွဲခဲ့ကြသည်။	3
အခွန်ထမ်းဆောင်ရန် ကျန်ရှိနေသည့် ရုပ်ရှင်လောက သားများအတွက် ပြည်တွင်းအခွန် များဦးစီးဌာန တာဝန်ရှိသူများက  	3
မတ်လကုန်တွင် ရုပ်ရှင်အစည်း အရုံးသို့ လာရောက်ဆောင်ရွက် ပေးမည်ဟု ရုပ်ရှင်အစည်းအရုံး ဒုဥက္ကဋ္ဌ ဦးအေးကြူလေးက ပြောကြားသည်။	3
မြန်မာအိုင်ဒေါ ဖီဗာ	3
ပထမအကြိမ် ကျင်းပသည့် မြန်မာအိုင်ဒေါထက် ဒုတိယအကြိမ်ကျင်းပသည့် ပြိုင်ပွဲသည် ပရိသတ်များကို ပိုမိုဆွဲဆောင်နိုင်ခဲ့သည်။	3
 ဖုန်းနံပါတ်တစ်ခုလျှင် အကန့်အသတ်မရှိမဲပေးနိုင်သည်ဟု သတ်မှတ်ထားခြင်း၊ မဲအရေအတွက် အနည်းအများအပေါ် မူတည်၍ ရွေးချယ်သည်ဟုဆိုသော်လည်း	3
တစ်ဦးချင်းရရှိသော မဲအရေအတွက်ကို မကြေညာပေးခြင်း တို့ကြောင့် ယခင်ပွဲစဉ်ထက် ဆန်ခါတင်ပြိုင်ပွဲဝင်အချို့အပေါ် ပရိသတ်များ၏	3
ပြိုင်ပွဲဝင်အချို့နှင့် ပတ်သက်၍ လူမှုကွန်ရက်တွင် ဝေဖန်ပြောကြားခြင်း၊ ဒိုင်တစ်ဦးဖြစ်သော မြန်မာပြည်သိန်းတန်၏ မှတ်ချက်စကားအချို့နှင့် ပတ်သက်၍လည်း အငြင်းပွားမှုများ ပိုမိုထွက်ပေါ်ခဲ့သည်။ 	3
ချီးကျူးအသိအမှတ်ပြုမှုများ၊ ဝေဖန်မှုများဖြင့်	3
လူစိတ်ဝင်စားမှုများစွာရရှိခဲ့သော ပြိုင်ပွဲမှာ ယနေ့ပြီးဆုံးတော့မည်ဖြစ်သည်။	3
 ငွေဆောင်ကမ်းခြေတွင် ငါးကြိမ်မြောက်ပြုလုပ်မည့် သဲ သောင်ပြင်ဘောလုံးပြိုင်ပွဲ၌ အမျိုးသမီးသဲသောင်ပြင် ဘော်လီဘော ကစားခြင်းကို မိတ်ဆက်ပေးရန် 	3
အစီအစဉ်ရှိကြောင်း ယင်းပွဲကို စီစဉ်သည့် M2Nine ကုမ္ပဏီ ဒါရိုက်တာအဖွဲ့ဝင် ဦးရဲထွဋ်က ပြောသည်။ ၇၁-၈၀	3
ရုပ်သံဇာတ်ကားသစ်မှာ ပါဝင်သရုပ်ဆောင်မယ့် ချာအန်ဝူ	3
တောင်ကိုရီးယားအမျိုး သားအဆိုတော်အဖွဲ့ ASTRO အဖွဲ့ဝင် ချာအန်ဝူသည် ရုပ်သံ ဇာတ်ကားသစ်တွင် 	3
ပါဝင်သရုပ် ဆောင်မည်ဖြစ်သည်။ အသက် (၁၉)နှစ်အရွယ် ချာအန်ဝူသည် KBS 2TV ရုပ်သံ လိုင်းက ထုတ်လွှင့်မည့် 	3
The Best Hit’ အမည်ရ ဒရာမာဇာတ် ကားတွင် ပါဝင်သရုပ်ဆောင်မည် ဖြစ်သည်။	3
သမီးနာမည်ကို လဝန်းမေလို့ပေးလိုက်တဲ့ သက်မွန်မြင့်	3
သမီးဖြစ်သူ၏ ရက် (၁၀၀)ပြည့်မွေးနေ့ပွဲနှင့် နာမည် ပေးကင်ပွန်းတပ်ပွဲကို သက်မွန် မြင့်၏ နေအိမ်၌ 	3
ပြုလုပ်ခဲ့ကြောင်း သတင်းရရှိသည်။	3
ပက်ဘိုဂမ်ရဲ့ ပရိသတ်တွေ့ဆုံပွဲကို တက်ရောက်ခဲ့တဲ့ ဆောင်ဂျွန်ကီ	3
တောင်ကိုရီးယားမင်း သား ဆောင်ဂျွန်ကီသည် မကြာ သေးခင်က မင်းသားပက်ဘိုဂမ်၏ 	3
နိုင်ငံတကာပရိသတ်များနှင့်တွေ့ဆုံပွဲသို့ တက်ရောက်ခဲ့သည်။ ၎င်း၏ အကောင်းဆုံးသူငယ်ချင်း ပက်ဘိုဂမ်သည် 	3
နန်းတော်ရှေ့ဆရာတင်၏ သူဌေးဝါဒသီချင်းကို ‘ရောသမထပ်မွှေ’စီးရီးတွင် ထည့်သွင်းသည့်အပေါ် 	3
မိသားစုဝင်များက ကန့်ကွက်	3
ထည့်သွင်းသုံးစွဲထား ခြင်းကို ဆရာတင်၏ မိသားစုဝင် များက ထိုသို့အသုံးပြုရန် ခွင့်မပြု ထားကြောင်း ၎င်းတို့၏ 	3
လူမှုကွန် ရက်စာမျက်နှာ၌ မတ်လ ၂၃ ရက် က ရေးသားခဲ့သည်။	3
မုံးကိုးတိုက်ပွဲကို အခြေခံရိုက်ကူးထားတဲ့ ‘ပြည်ထောင်စုသစ္စာ’	3
(၇၂)နှစ်မြောက် တပ်မ တော်နေ့ဂုဏ်ပြုဇာတ်လမ်းကိုပြီး ခဲ့သည့်နှစ်အတွင်း ဖြစ်ပွားခဲ့ သည့် 	3
မုံးကိုးဒေသတိုက်ပွဲအကြောင်း အ ခြေခံ၍ ဇာတ်လမ်းဆင်ရိုက်ကူး ထားကြောင်း ဒါရိုက်တာတင် 	3
မအောင်မြင်ခင်က တစ်နေ့ကို ပီဇာတစ်စိတ်သာစားပြီး နေခဲ့တဲ့ ဂျေလို	3
နယူးယောက်မြို့ သူ နာမည်ကြီးအဆိုတော်နှင့် က ချေသည် ဂျနီဖာလိုပက်ဇ်က ကချေသည်အဖြစ် ပထမဆုံး	3
အလုပ်ကြီးအကိုင်ကြီးတစ်ခု မရမီ က တစ်နေ့လျှင် ပီဇာတစ်စိတ်သာ စားပြီး ဘဝကို ရပ်တည်ခဲ့ရ ကြောင်း 	3
မွေးနေ့ဖျော်ဖြေပွဲကို မြို့မတီးဝိုင်းနဲ့အတူ မန္တလေးမှာ ဖြတ်သန်းမယ့် စိုင်းစိုင်းခမ်းလှိုင်	3
 မန္တလေးမြို့တွင် ပြုလုပ် မည့် မွေးနေ့ဖျော်ဖြေပွဲ၌ မြို့မ၏ တီးခတ်မှုနှင့်အတူ သီဆိုခွင့်ရရှိခြင်းသည် 	3
စိတ်ကူးယဉ်အိပ်မက်တစ်ခုဖြစ်ကြောင်း   စိုင်းစိုင်းခမ်းလှိုင်က ပြောသည်။	3
အိန္ဒိယ၊ အင်ဒိုချိုင်းနား၊ မလေးရှား၊ ထိုင်း၊ ဘင်္ဂလားဒေ့ရှ်၊ တရုတ်၊ သီရိလင်္ကာ၊ ဂျပန်၊ ဖိလစ်ပိုင်၊ ကက်ရှ်မီးယား၊ 	3
စင်ကာပူ၊ ကမ္ဘောဒီးယား၊ ကိုရီး ယား၊ ပါကစ္စတန်၊ ဗီယက်နမ်နှင့် လာအိုနိုင်ငံတို့၏ ဝတ္ထုတိုများကို စုစည်းထားသော 	3
စာအုပ်ဖြစ်သည်။ ဘာသာပြန်ဆိုသူ တင့်ဇော်က စံပယ်ဖြူ၊ မဟေသီ၊ ပေဖူးလွှာအစရှိသည့် မဂ္ဂဇင်းများတွင် 	3
ဖြန့်ကြက်ရေးသားခဲ့ပြီး အချို့ကို မည်သည့်မဂ္ဂဇင်းကမျှ ဖော်ပြခဲ့ ခြင်းမရှိသေးပေ။ စာအုပ်တွင် ဝတ္ထုတိုစုစုပေါင်း ၃၅ 	3
၂၀၁၆အကယ်ဒမီဆုရှင် ထွန်းထွန်း၊ သက်မွန်မြင့်တို့နှင့် တွေ့ဆုံခြင်း	3
၂၀၁၆ခုနှစ်အတွက် မြန်မာ့ရုပ်ရှင်ထူးချွန်ဆုပေးပွဲတွင် အမျိုးသားဇာတ် ဆောင်ဆုနှင့် 	3
အမျိုးသမီးဇာတ်ဆောင်ဆုများကို ပရိသတ်များကြိုတင် ခန့်မှန်းထားသည့်အတိုင်း ထွန်းထွန်းနှင့် သက်မွန်မြင့်တို့က 	3
ရရှိခဲ့ကြသည်။ ကြိုတင်ခန့် မှန်းထားကြသည့်အတိုင်း ၎င်းတို့ရရှိခဲ့သည့်အတွက် လူမှုကွန်ရက်တွင် 	3
ရုပ်ရှင်အစည်းအရုံး ဥက္ကဋ္ဌရာထူးမှ လူမင်း အနားယူမည်	3
ရုပ်ရှင်အစည်းအရုံး၏ ဥက္ကဋ္ဌ ရာထူးမှ အနားယူတော့မည့် လူမင်းက မကြာမီလပိုင်း၌ ပြုလုပ်မည့် 	3
ရုပ်ရှင်အစည်းအရုံး ရွေးကောက်ပွဲကို လောကသားများ စိတ်ဝင်စားရန်တိုက်တွန်းခဲ့သည်။ 	3
ရွေးကောက်ပွဲကျင်းပခဲ့ရင်လည်း လောကသားများအနေနဲ့ တကယ်ကို စိတ်ပါဝင်စားပြီး ပြီးခဲ့တဲ့ မြန်မာနိုင်ငံကြီး 	3
ဒီမိုကရေစီ လမ်းကြောင်းလျှောက်လှမ်းဖို့အ တွက် မြန်မာတစ်ပြည်လုံးကပြည် သူတွေ လက်သန်းတွေရင်းပြီး 	3
ပေးခဲ့ကြတဲ့စိတ်ဓာတ်မျိုး ကျွန် တော်တို့ လောကသားတွေကိုယ့် အလွှာအသီးသီးက ခေါင်းဆောင်ကို 	3
မှန်မှန်ကန်ကန်ရွေးချယ်ပေး ကြဖို့၊စိတ်ဝင်စားကြဖို့ ဒီနေရာမှာ အနူးအညွတ်  မေတ္တာရပ်ခံပန် ကြားလိုပါတယ်	3
မတ်လ ၁၈ ရက်က ပြုလုပ်ခဲ့သော ရုပ်ရှင်ထူး ချွန်ဆုပေးပွဲတွင် ထည့်သွင်းပြော ကြားခဲ့သည်။	3
မဂ္ဂဇင်းမျက်နှာဖုံးမှာ ဖော်ပြခံရတဲ့ ရိန်းနဲ့ကင်တေဟီးတို့ စုံတွဲ	3
မကြာသေးမီက လက် ထပ်ခဲ့သော တောင်ကိုရီးယားအ ဆိုတော် ရိန်းနှင့် မင်းသမီး ကင် တေဟီးတို့ စုံတွဲသည် 	3
မတ်လ ၁၇ ရက်က Beauty and the Beast ဇာတ်ကား၏ တစ်ပတ်အတွင်း ရရှိခဲ့သော ဝင်ငွေသည် စံချိန်တင် 	3
များပြားခဲ့သည်။ အဆိုပါ ဇာတ်ကားသည် ယခင် စံချိန်တင်ဇာတ်ကား အ များအပြားကို ကျော်တက်ကာ 	3
အမေရိကန်နိုင်ငံတွင် ဝင်ငွေ အ မေရိကန်ဒေါ်လာ သန်း ၁၇၀ ရရှိ ခဲ့သည်။	3
အုန်းမှုတ်ခွက် ဆံပင်ပုံစံနဲ့ တွေ့ရမယ့် ဖြူဖြူကျော်သိန်း	3
 အခြားသူများနှင့် မတူ ညီသည့် ဖက်ရှင်များပြင်ဆင်လေ့ ရှိသည့် ဖြူဖြူကျော်သိန်းက April Fool သီချင်းဒီဗီဒီတွင် 	3
အုန်းမှုတ် ခွက်စွပ်ထားသော ဆံပင်ပုံစံဖြင့် သရုပ်ဆောင်ထားသည်ဟု ပြော သည်။	3
ပေါကား ဟုတ်၊ မဟုတ် ဆုံးဖြတ်ဖို့ ဒါရိုက်တာကိုယ်တိုင် တိုက်တွန်းတဲ့ ‘ပထမထပ် 	3
ပထမထပ် ဟန်းနီးမွန်း’ ဇာတ်ကားကြည့်ရှုသည့် ပရိသတ် များကို ရယ်မောစေလိုကြောင်း 	3
သရုပ်ဆောင် ဖွေးဖွေး  က ပြောသည်။	3
စကားလက်ဂျွန်ဆန်နဲ့ တွေ့ဆုံတဲ့ နစ်ခ်ဟွန်း	3
တောင်ကိုရီးယား အမျိုးသားအဆိုတော် 2PM  အဖွဲ့ဝင်နစ်ခ်ဟွန်းသည် နာမည်ကျော် အမေရိကန်မင်းသမီး 	3
စကားလက်ဂျွန်ဆန်နှင့် တွေ့ဆုံခဲ့သည်။ နစ်ခ်ဟွန်းသည် KBS 2 ရုပ်သံလိုင်း၏ Entertainment Weekly 	3
အစီအစဉ်အတွက် မတ်လ ၁၈ရက်တွင် စကားလက်ဂျွန်ဆန်နှင့်တွေ့ဆုံမေးမြန်းခဲ့သည်။	3
လုံခြုံရေးဝန်ထမ်းကို အလုပ်ထုတ်လိုက်တဲ့ ကန်ဒေါဂျန်နာ	3
အမေရိကန် မော် ဒယ်ကန်ဒေါဂျန်နာသည် နေအိမ် အတွင်းရှိ လက်ဝတ်ရတနာများ ခိုးယူခံရပြီးနောက် လုံခြုံရေးဝန်ထမ်းကို  အလုပ်ထုတ်ပစ်လိုက် သည်။ 	3
အသက်(၂၁)နှစ်အရွယ် ဂျန်နာ၏ နေအိမ်တွင် အဆိုပါ လုံခြုံရေးဝန်ထမ်းသည် 	3
အွန်လိုင်းမှာ ပျံ့နှံ့ခဲ့တဲ့ ဗီဒီယိုဖိုင်ကြောင့် ပြေတီဦး ပြန်လည်တောင်းပန်	3
အွန်လိုင်းတွင် ပျံ့နှံ့ခဲ့သည့် ဗီဒီယိုဖိုင်၌ ပြောကြားခ့သည့် စကားများသည် စနောက်သည့် သဘောသာဖြစ်ပြီး	3
အကယ်ဒမီပေးပွဲတွင် ထွန်းထွန်းတပ်ဆင်ခဲ့သော ရွှေနှစ်ကျပ်ခွဲသားရှိ နှင်းဆီပန်းပုံရင်ထိုး ပျောက်ဆုံး	3
၂၀၁၆ အတွက် အမျိုး သားဇာတ်ဆောင်ဆုရရှိသည့် ထွန်းထွန်းတပ်ဆင်ခဲ့သော ရွှေနှစ် ကျပ်ခွဲသားရှိ 	3
နှင်းဆီပန်းပုံရင်ထိုး သည် အကယ်ဒမီပေးပွဲတွင် ပျောက်ဆုံးခဲ့သည်။	3
ပရိသတ်ဆန္ဒနဲ့ တစ်ထပ်တည်းကျခဲ့တဲ့ ၂၀၁၆ အကယ်ဒမီ	3
၂၀၁၆ အတွက် ရုပ်ရှင်ထူးချွန်ဆုပေးပွဲ အခမ်းအနားတွင် ကြိုတင်ခန့်မှန်းပေးထားသည့် အနုပညာရှင်၊ 	3
အတတ်ပညာရှင်အများစု ဆုများရရှိ ပြီး ပထမဆုံးထူးချွန်ဆုရရှိသူ ခြောက်ဦး ပေါ်ထွက်ခဲ့သည်။	3
ကြိုတင်လက်မှတ် ၇၀ ရာခိုင်နှုန်း ရောင်းကုန်သွားတဲ့ အဆိုတော်နီနီခင်ဇော်ရဲ့ တစ်ကိုယ်တော်ပွဲ	3
 နီနီခင်ဇော်၏ တစ်ကိုယ် တော်ဖျော်ဖြေပွဲလက်မှတ်များကို ကြိုတင်မှာယူစနစ်ဖြင့် ရောင်းချခဲ့ရာ 	3
ဝယ်ယူသူများပြားခဲ့သော ကြောင့် လက်မှတ် ၃၀ ရာခိုင်နှုန်းသာ ရောင်းရန်ကျန်ရှိတော့ ကြောင်း ယင်းဖျော်ဖြေပွဲကို 	3
စီစဉ်သူ ကိုအီကြာကွေးက ပြောကြား သည်။ ‘‘ဒီပွဲကို စပြီးလုပ်ဖို့ သေချာ သွားပြီဆိုတာနဲ့ ကျွန်တော်တို့ ပထမဆုံး 	3
ကြုံတွေ့ရတဲ့ ပြဿနာ ကတော့ လက်မှတ်ပါ။ ဘာဖြစ်လို့ လဲဆိုတော့ နီနီရဲ့ အင်အားကြီး မားလှတဲ့ ပရိသတ်က 	3
လက်မှတ် မရမှာ ပူပင်ကြတယ်။ အဲဒီအ တွက် ကျွန်တော်တို့ဆီကို ဖုန်း တွေနဲ့ရော၊ အင်တာနက်ကရော 	3
စိတ်ပူမှုတွေကိုပြောတော့ ဒီမှာ လုပ်လေ့မရှိတဲ့ Pre Order ကောက်တဲ့စနစ်ကို လုပ်လိုက်ရ ပါတယ်။ Pre Order 	3
ပေးထားတဲ့ သူတွေကို အရင်ဦးစားပေး ရောင်းချတဲ့စနစ်ကို လုပ်နိုင်ခဲ့ပါတယ်။ Pre Order နဲ့တင် ၇၀ ရာခိုင်နှုန်း 	3
ရောင်းပြီးသွားပြီဖြစ်တဲ့အတွက် Public Sale မှာ ၃၀ ရာခိုင်နှုန်းပဲ ကျန်ပါတယ်’’ဟု ၎င်းက ပြော သည်။	3
အွန်လိုင်းပေါ်က ဓာတ်ပုံအကြောင်း ရှင်းပြတဲ့ ပိုးမီ	3
 မြန်မာအိုင်ဒေါ ပြိုင်ပွဲမှ နှုတ်ဆက်ထွက်ခွာခဲ့ရသည့် ပိုးမီ က ၎င်းနှင့်ပတ်သက်၍ ရေးသား 	3
ထားသည့်အကြောင်းအရာတစ်ခု ကို ဖေ့စ်ဘွတ်ခ်မှတစ်ဆင့် ပြန် လည်ဖြေရှင်းခဲ့သည်။ ပိုးမီနှင့် အမျိုးသမီးနှစ်ဦး 	3
အပါအဝင် နိုင်ငံခြားသားတစ်ဦး တို့ အတူထိုင်နေသည့် ဓာတ်ပုံဖြင့် ပိုးမီသည် ကေတီဗီတွင် အလုပ်လုပ်ကာ 	3
နိုင်ငံခြားသားများနှင့် ပတ်သက်မှုများရှိသည်ဟု Nay Thu Ra အမည်ဖြင့် ဖေ့စ်ဘွတ်ခ် သုံးစွဲသူက ရေးသားခဲ့ပြီး 	3
အဆိုပါအကြောင်းအရာအပေါ် ပိုးမီက ပြန်လည်ဖြေရှင်းခဲ့သည်။ ‘‘ကိုယ်မှန်ရင် ဘယ်သူ့မှ ဂရုမစိုက်တတ်ခဲ့ဘူး	3
မမှန်ဘူး ထင်ရင်လည်း ဘယ်သူခိုင်းခိုင်း မလုပ်တတ်ခဲ့ဘူး.. အစက မရှင်းတော့ဘူး.. ဒီတိုင်းပဲ ထားလိုက်တော့ 	3
မလို့ပါပဲ.. ဒါပေမဲ့ ကျွန်တော့်ကို အားပေးကြတဲ့ ပရိသတ် တွေ မျက်နှာမငယ်စေဖို့အတွက် ရှင်းပြလိုက်ပါတယ်။ KTV 	3
ကမ္ဘာအေးဘုရား လမ်းပေါ်က Micasa Hotel က Tapas Bistro ဆိုတဲ့ Dining Room ထဲမှာပါ။ (အဲဒီလိုနေရာကို 	3
ရောက်ဖူးတဲ့သူ သိပါတယ်။ ကျွန်တော်က ဟိုးအရင်က အဲဒီနေရာ မှာ Unplugged ဖျော်ဖြေခဲ့တာ ပါ။	3
ဆိုတယ်ဆိုတာ လည်း မသိရင် သေချာလေ့လာကြပါဦးနော်။ ကိုယ်သွားနေကျ ပန်းကုံးလေးတစ်ကုံးစွပ်ပြီး 	3
နှာထလို့ရတဲ့ နေရာမဟုတ်ဘူးဆိုတာ တော့ သိစေချင်တယ်).. Hotel ဖြစ်တဲ့အတွက် ဖော်ရိန်နာတွေနဲ့ 	3
ခင်မင်ခဲ့ပါတယ်။ ခင်မင်တဲ့အတွက် စကားပြောကြတယ်။ ဓာတ်ပုံရိုက်ကြတယ်။ ဒီလိုပုံလေးတစ်ပုံတွေ့တာနဲ့ 	3
ကြေးစားမအဆင့် သတ်မှတ်လိုက်တဲ့ ပို့စ်ပိုင်ရှင်တွေ ရဲ့ ဦးနှောက်ကိုတော့ လေးစားမိတာအမှန်ပဲ.. ကိုယ့်လိပ်ပြာကိုယ် လုံပါတယ်။ တ	3
တိုက်ခိုက်တဲ့သူတွေ လည်း ကျန်းမာချမ်းသာပါစေလို့ သာ ဆုတောင်းရင်း ဂီတနဲ့ ငြိမ်း ချမ်းပါစေ	3
ပိုးမီက ၎င်း၏ ဖေ့စ်ဘွတ်ခ်တွင် မတ်လ ၁၈ ရက် ၌ ရေးသားခဲ့သည်။	3
၂၀၁၆ အတွက် မြန်မာ့ရုပ်ရှင်ထူးချွန်ဆုပေးပွဲအခမ်းအနားကို ယနေ့ ညနေတွင် ပြည်သူ့ရင်ပြင်၌ 	3
များထွက်ပေါ်နေသောကြောင့် စိစစ်အကဲဖြတ်ရေးအဖွဲ့က ရွေးချယ် ထားသည့် ဆန်ခါတင်ဇာတ်ကားများမှ 	3
အနုပညာရှင်များ၏ အကယ်ဒမီ ရင်ခုန်သံများကို	3
ပြည်မြို့ဖျော်ဖြေပွဲကို ပရိသတ်နဲ့ ဆိုင်ကယ်အတူစီးရင်းသွားမယ့် ဇော်ဝင်းထွဋ်	3
 ပြည်မြို့တွင် ပြုလုပ်မည့်Ayeyarwaddy Rock Night ဖျော်ဖြေပွဲသို့ သွားရောက်သီဆိုရန် ဇော်ဝင်းထွဋ်နှင့် 	3
ပရိသတ်အချို့ က    ရန်ကုန်−ပြည်လမ်းတစ် လျှောက် ဆိုင်ကယ်များစီး၍ ပြည် မြို့သို့ သွားရောက်မည် ဖြစ်ကြောင်း 	3
စတုတ္ထအကြိမ် Miss Myanmar World 2317 ပြိုင်ပွဲကို ယခင်နှစ်များနှင့်မတူ ထူးခြားသည့် 	3
လှုပ်ရှားဆောင်ရွက်မှုများဖြင့် ဇွန်လ ၁၀ ရက်တွင် ကျင်းပမည် ဖြစ်သည်။	3
ဂျပန်မှာ တစ်ကိုယ်တော်ဖျော်ဖြေခဲ့တဲ့ ယူဟွန်	3
 Super Junior အဖွဲ့ဝင် ယူဟွန်သည် ဒုတိယမြောက် ဂျပန်နိုင်ငံ ဂီတခရီးစဉ်ကို အောင်မြင်စွာ အဆုံးသတ်ခဲ့သည်။ 	3
ဇန်နဝါရီ ၁၈ ရက်ကတည်း က စတင်ခဲ့သော ဂျပန်နိုင်ငံ ခရီး စဉ်တွင် ယူဟွန်သည် ယိုကိုဟား မား၊ ဖူကူအိုကာ၊ 	3
ကိုဘေး၊ အိုင် ရှီကာဝါ၊ နာဂိုယာနှင့် ဆာပိုရိုစ သည့် မြို့များ၌ ဖျော်ဖြေခဲ့သည်။	3
အနက်ရောင်ဖက်ရှင်နဲ့ အကယ်ဒမီပွဲတက်မယ့် သက်မွန်မြင့်	3
၂၀၁၆ အတွက် ‘ချစ်လှ စွာသောအမုန်း’ ဇာတ်ကားဖြင့် အမျိုးသမီးဇာတ်ဆောင်ဆုရရှိ မည်ဟု 	3
ထင်ကြေးပေးခံရသော သက်မွန်မြင့်က ရုပ်ရှင်ထူးချွန်ဆု ပေးပွဲသို့ အနက်ရောင်ဖက်ရှင် ဖြင့် 	3
အရက်ဖြတ်နေတဲ့ ဘန်အက်ဖလက်	3
အော်စကာဆုရှင် မင်းသားနှင့် ဒါရိုက်တာဘန်အက် ဖလက်က အရက်စွဲနေ၍ မကြာမီက ကုသမှုခံယူခဲ့သည်ဟု လူမှု ကွန်ရက်တွင် ဖော်ပြခဲ့သည်။ 	3
ဇာတ်ကားတို့အပါအဝင် နာမည်ကြီး ဇာတ်ကားများတွင် ပါဝင်သရုပ်ဆောင်ခဲ့ပြီး The Batman ဇာတ်ကားသစ်၌ သရုပ်ဆောင်ရန် စီစဉ်ထားသည်။	3
မြေမြှုပ်မိုင်းနှင့် စစ်ဘေးဒဏ်သင့် မသန်စွမ်း ရန်ပုံငွေဖျော်ဖြေပွဲ ကျင်းပမည်	3
 မြန်မာနိုင်ငံကိုယ်အင်္ဂါ မသန်စွမ်းသူများအသင်းက မြေ မြှုပ်မိုင်းဒဏ်နှင့် စစ်ဘေးဒဏ် ကြောင့် 	3
မသန်စွမ်းဖြစ်ခဲ့ရသူများ အား အထောက်အကူပြုပစ္စည်း များ လှူဒါန်းနိုင်ရန် ရန်ပုံငွေဂီတ 	3
ဖျော်ဖြေပွဲပြုလုပ်မည်ဖြစ်ကြောင်း သတင်းရရှိသည်။	3
၂၀၁၀ ပြည့်နှစ်တွင် ဦးသိန်းစိန် ဦးဆောင်သော အစိုးရတက်လာပြီးနောက် စာပေစိစစ်မှုကို လျှော့ချ ပေးခဲ့ရာ ယခင် 	3
ထုတ်ခွင့်မရခဲ့သည့် စာအုပ်များ ထုတ်ဝေခွင့်ရလာသည်။ အထူးသဖြင့် နိုင်ငံရေးနှင့် အတ္ထုပ္ပတ္တိစာအုပ်အချို့ 	3
 မြန်မာအိုင်ဒေါ ပြိုင်ပွဲမှ နှုတ်ဆက်ထွက်ခွာခဲ့ရသည့် ပိုးမီ က ၎င်းနှင့်ပတ်သက်၍ ရေးသား 	3
ထားသည့်အကြောင်းအရာတစ်ခု ကို ဖေ့စ်ဘွတ်ခ်မှတစ်ဆင့် ပြန် လည်ဖြေရှင်းခဲ့သည်။ ပိုးမီနှင့် အမျိုးသမီးနှစ်ဦး 	3
အပါအဝင် နိုင်ငံခြားသားတစ်ဦး တို့ အတူထိုင်နေသည့် ဓာတ်ပုံဖြင့် ပိုးမီသည် ကေတီဗီတွင် အလုပ် လုပ်ကာ 	3
နိုင်ငံခြားသားများနှင့် ပတ်သက်မှုများရှိသည်ဟု Nay Thu Ra အမည်ဖြင့် ဖေ့စ်ဘွတ်ခ် သုံးစွဲသူက ရေးသားခဲ့ပြီး 	3
အဆိုပါအကြောင်းအရာအပေါ် ပိုးမီက ပြန်လည်ဖြေရှင်းခဲ့သည်။ ‘‘ကိုယ်မှန်ရင် ဘယ်သူ့မှ ဂရုမစိုက်တတ်ခဲ့ဘူး.. 	3
မမှန်ဘူး ထင်ရင်လည်း ဘယ်သူခိုင်းခိုင်း မလုပ်တတ်ခဲ့ဘူး.. အစက မရှင်းတော့ဘူး.. ဒီတိုင်းပဲ ထားလိုက်တော့ 	3
မလို့ပါပဲ.. ဒါပေမဲ့ ကျွန်တော့်ကို အားပေးကြတဲ့ ပရိသတ် တွေ မျက်နှာမငယ်စေဖို့အတွက် ရှင်းပြလိုက်ပါတယ်။ KTV 	3
ရှေ့မှာ ထောင်ထားတဲ့ စာရွက်လေးကို မမြင်ရလို့လား မမြင်ဖူးလို့ ပြောသလားမသိဘူး နော်.. 	3
များထွက်ပေါ်နေသောကြောင့် စိစစ်အကဲဖြတ်ရေးအဖွဲ့က ရွေးချယ် ထားသည့် ဆန်ခါတင်ဇာတ်ကားများမှ 	3
အနက်ရောင်ဖက်ရှင်နဲ့ အကယ်ဒမီပွဲတက်မယ့် သက်မွန်မြင့်	3
ထင်ကြေးပေးခံရသော သက်မွန်မြင့်က ရုပ်ရှင်ထူးချွန်ဆု ပေးပွဲသို့ အနက်ရောင်ဖက်ရှင် ဖြင့် တက်ရောက်မည်ဖြစ်သည်။	3
အော်စကာဆုရှင် မင်းသားနှင့် ဒါရိုက်တာဘန်အက် ဖလက်က အရက်စွဲနေ၍ မကြာမီက ကုသမှုခံယူခဲ့သည်ဟု လူမှု ကွန်ရက်တွင် ဖော်ပြခဲ့သည်။	3
ဇာတ်ကားတို့အပါအဝင် နာမည်ကြီး ဇာတ်ကားများတွင် ပါဝင်သရုပ်ဆောင်ခဲ့ပြီး The Batman ဇာတ်ကားသစ်၌ သရုပ်ဆောင်ရန် စီစဉ်ထားသည်။	3
အကယ်ဒမီရွှေစင်ရုပ်တု ဘယ်သူတွေ ပိုင်ဆိုင်ခွင့်ရမလဲ	3
၂၀၁၆ အတွက် မြန်မာ့ရုပ်ရှင်ထူး ချွန်ဆုပေးပွဲ အခမ်းအနားကျင်းပ မည့် စင်မြင့်ကို ရွှေတိဂုံစေတီတော် 	3
နောက်ခံထား၍ ပြည်သူ့ရင်ပြင် အတွင်း ဆောက်လုပ်နေပြီဖြစ် သည်။ ရုပ်ရှင်ထူးချွန်ဆုပေးပွဲ သမိုင်းတစ်လျှောက် 	3
အဆိုပါနေရာတွင် ပထမဆုံးအကြိမ် ကျင်းပခြင်း ဖြစ်သောကြောင့် ယခုနှစ် ဆုပေး ပွဲကို ယခင်နှစ်များထက် ပြည်သူ များက ပိုမိုစိတ်ဝင်စားနေသည်။	3
ကိုရီးယားနာမည်ကျော် ကေပေါ့ပ်အဖွဲ့ EXO ရန်ကုန်မြို့၌ လာရောက်ဖျော်ဖြေမည်	3
ရန်ကုန်မြို့တွင် ကျင်းပ မည့် Kpop Festival 2317 in Myanmar ပွဲတော်၌ EXO အဖွဲ့လာရောက် ဖျော်ဖြေမည်ဖြစ်သည်။	3
တစ်ပတ်အတွင်း ရုံတင်ငွေအများဆုံးရရှိထားတဲ့ ‘Kong: Skull Island’ ဇာတ်ကား	3
 မကြာသေးမီက ထွက်ရှိလာသော ‘Kong: Skull Island’ ဇာတ်ကားသည် သီတင်း တစ်ပတ်အတွင်း ရုံတင်ငွေ အ များဆုံးဇာတ်ကားစာရင်းတွင် ထိပ်ဆုံး၌ ရပ်တည်လျက်ရှိသည်။	3
တစ်ကိုယ်တော် တေးအယ်လ်ဘမ်ဖြန့်ချိမယ့် ဝမ်ဟီး	3
 တောင်ကိုရီးယားအဆိုတော် ဝမ်ဟီး သည် တစ်ကိုယ် တော် တေးအယ်လ်ဘမ်ကို ဖြန့်ချိမည်ဖြစ်သည်။ ဝမ်ဟီး၏ အနုပညာကုမ္ပဏီက	3
ဝမ်ဟီးရဲ့ တစ်ကိုယ်တော် အယ်လ်ဘမ်ကို မတ်၁ရရက် မှာ ဖြန့်ချိသွားမှာပါ’’ဟု ပြောသည်။	3
ရှစ်နှစ်အကြာမှာ တစ်ကိုယ်တော်အခွေသစ် ပြန်ထွက်မယ့် ကောင်းမြတ်	3
ဒုတိယမြောက်တစ် ကိုယ်တော်အခွေထွက်ရန် အသင့်ဖြစ်နေပြီဟု တေးသံရှင် ကောင်း မြတ်က ပြောသည်။	3
စန္ဒီမြင့်လွင်ရဲ့ အကယ်ဒမီ ပွဲတက်ဖက်ရှင်	3
ယခုနှစ် အကယ်ဒမီပေး ပွဲသို့ တက်ရောက်မည်ဖြစ်ပြီး ပေါ့ ပေါ့ပါးပါးနှင့် လူငယ်ဆန်သော ပွဲတက်ဖက်ရှင်ပုံစံကိုသာ 	3
ကြည့်ရှုသူ တစ်သန်း ရှိလာတဲ့ B.A.P အဖွဲ့ရဲ့ ဂီတဗီဒီယိုသစ်	3
တောင်ကိုရီးယား အမျိုး သားအဆိုတော်အဖွဲ့ B.A.P ၏ ‘Wake Me Up’ ဂီတဗီဒီယိုသည် ကြည့်ရှုသူ 	3
တစ်သန်းအထိရောက်ရှိလာသည်။ အဆိုပါ ဂီတဗီဒီယိုသည် ဖြန့်ချိပြီး သီတင်းပတ် တစ်ပတ်ခန့်တွင် ကြည့်ရှုသူ 	3
 ဂီတဖျော်ဖြေပွဲအတွက် သြစတြေးလျနိုင်ငံသို့ ရောက်ရှိ နေသော ဗြိတိန်အဆိုတော် အဒဲလ်က ခင်ပွန်းကို သတိရသည် 	3
ပရိသတ်များအား ပြောကြား ခဲ့သည်။ အသက် (၂၈)နှစ်အရွယ် အဒဲလ်၏ သြစတြေးလျ ဂီတခရီး စဉ်တွင် 	3
ခင်ပွန်းဖြစ်သူ ဆိုင်မွန်ကို နီကီနှင့် အသက် (၄)နှစ်အရွယ် သားလေး အန်ဂျီလိုတို့ လိုက်ပါခဲ့ ခြင်းမရှိပေ။	3
မြန်မာဇာတ်ကားအချို့တွင် အသက်မွေးဝမ်းကျောင်းလုပ်ငန်းလုပ်ကိုင်သူများကို ပုံဖော်ရိုက်ကူးမှု၌ သတိပြုသင့်ကြောင်း ဝေဖန်မှုများထွက်ပေါ်	3
 မြန်မာရုပ်ရှင်ဇာတ်ကား အချို့တွင် ပြင်ပအသက်မွေးဝမ်း ကျောင်း လုပ်ငန်းလုပ်ကိုင်သူအ ချို့၏ ဇာတ်ရုပ်များ 	3
ထည့်သွင်းရိုက်ကူးရာ၌ ယင်းဇာတ်ကောင် များကို   ပုံဖော်သရုပ်ဆောင်ရာ တွင် လိုအပ်ချက်များရှိနေသည့် အပေါ်   ဝေဖန်ကန့်ကွက်မှုများ ထွက်ပေါ်နေသည်။	3
ကိုယ်စားပြု Idol အဖြစ် Mr. &Mrs M Boomer ပြိုင်ပွဲကျင်းပ မည်ဟု အထွေထွေမန်နေဂျာ ဒေါ်တင်နွယ်နီဝင်းက ပြောသည်။	3
ဇာတ်ကားသစ်မှာ အတူသရုပ်ဆောင်မယ့် ကင်မ်နမ်ဂျီနဲ့ ချန်ဝူဟီး	3
 တောင်ကိုရီးယားမင်းသား ကင်မ်နမ်ဂျီနှင့် မင်းသမီး ချန်ဝူဟီး တို့သည် ‘One Day’ အမည်ရှိ ဇာတ်လမ်းသစ်တွင် အတူပါဝင် သရုပ်ဆောင်မည်ဖြစ်သည်။	3
သီချင်းသစ်တစ်ပုဒ်မှာ ပါဝင်သီဆိုထားတဲ့ ကာမီလာကာဘီလို	3
Fifth Harmony အဖွဲ့မှ မကြာသေးမီက နုတ် ထွက်ခဲ့သော ကာမီလာ ကာဘီလို သည် နာမည်ကျော်အဆိုတော် 	3
ဂျေဘယ်လ်ဗင်တို့နှင့်အ တူ သီချင်းသစ်တစ်ပုဒ်တွင် ပါဝင် သီဆိုခဲ့သည်။	3
မှော်ပညာအကြောင်း ကြည့်ရတော့မယ့် ပဉ္စလက်ရွာ	3
ကျေးရွာဓလေ့များ၏ အစွဲအလမ်းကြီးမှုနှင့်အတူ မှော် ပညာအကြောင်းကို ပ ဉ္စလက်ရွာ ဇာတ်လမ်းတွဲတွင် ကြည့်ရတော့မည်ဖြစ်သည်။	3
နေအိမ်ကို လျှော့စျေးနဲ့ ရောင်းချတဲ့ ဂျနီဖာလိုပက်ဇ်	3
နာမည်ကျော် အမေရိကန်အဆိုတော်၊ သရုပ် ဆောင် ဂျနီဖာလိုပက်ဇ်သည် ကယ်လီဖိုးနီးယားပြည်နယ်	3
 Hidden Hills မြို့ရှိ အမေရိ ကန်ဒေါ်လာ ၁၇ သန်း တန်ဖိုးရှိ သော နေအိမ်ကို အမေရိကန်ဒေါ်လာ ၁၀ သန်းဖြင့် 	3
World Water Day အတွက် ဒေါ်လာနှစ်သောင်းကျော် လှူဒါန်းတဲ့ လီမင်ဟို	3
တောင်ကိုရီးယားသရုပ် ဆောင် လီမင်ဟိုသည် မတ်လ ၂၂ ရက်တွင် ကျရောက်မည့် Wold Water Day အတွက်	3
သင်္ကြန်ဇာတ်လမ်းတွဲမှာ ခေါင်းဆောင်ပါဝင်မယ့် ကယ်ဗင်ကိတ်	3
သင်္ကြန်အလွဲများ’ ဇာတ်လမ်းတွဲတွင် ကယ်ဗင်ကိတ်ကို ပရိသတ်များ မြင်တွေ့နေကျပုံစံ မဟုတ်သည့် သရုပ်ဆောင်တစ်ဦး 	3
ရုပ်ရှင်တွေ ဆက်တိုက်ပြန်လည် ရိုက်ကူးတော့မယ့် စံရတီမိုးမြင့်	3
 ယခုနှစ်အတွင်း ရုပ်ရှင် ကားများ ဆက်တိုက်ရိုက်ကူးမည် ဖြစ်ပြီး ၎င်းပါဝင်ရိုက်ကူးထား သည့် ရုပ်ရှင်များကို 	3
ပရိသတ်များ ဆက်တိုက်ကြည့်ရှုနိုင်မည်ဖြစ် ကြောင်း သရုပ်ဆောင် စံရတီမိုး မြင့်က ပြောသည်။	3
မြောက်အမေရိက ဂီတခရီးစဉ်ကို ကြေညာလိုက်တဲ့ အက်ဒ်ရှာယန်	3
ဗြိတိန်အဆိုတော်နှင့် သီချင်းရေးဆရာ အက်ဒ်ရှာယန် သည် ယခုနှစ်အတွက် မြောက်အမေရိက ဂီတဖျော်ဖြေပွဲခရီးစဉ် 	3
အသက် (၂၆)နှစ် အရွယ်အက်ဒ်ရှာယန်သည် မကြာသေးမီက တတိယမြောက် အယ်လ်ဘမ်ထွက်ရှိပြီး	3
ယခုကဲ့သို့ မြောက် အမေရိကဂီတခရီးစဉ်ကို ကြေညာခဲ့ခြင်းဖြစ်သည်။	3
ကံကြမ္မာရုပ်ရှင်ဇာတ်ကားပါ ဇာတ်ဝင်ခန်းအချို့ကို ကေအင်န်ယူကန့်ကွက်	3
 မြဝတီမြို့ဘက်တွင် ရိုက်ကူးခဲ့သည့် ‘ကံကြမ္မာ’ရုပ်ရှင်ဇာတ် ကား၌ ပါဝင်သည် ဇာတ်ဝင်ခန်း အချို့နှင့်ပတ်သက်၍ 	3
ကန့်ကွက် စာကို ကရင်ပြည်နယ်အစိုးရနှင့် ပြန်ကြားရေးဝန်ကြီးဌာန အပါ အဝင် သက်ဆိုင်ရာ အဖွဲ့အစည်း များထံ 	3
ပေးပို့ထားကြောင်း KNUပြည်ထဲရေးဌာန တာဝန်ရှိသူတစ် ဦးက ပြောသည်။	3
အိမ်မီးလောင် ဆုံးရှုံးခဲ့သော ဇာတ်ပို့ညီညီမင်းကို ရုပ်ရှင်လောကသားများက ဝိုင်းဝန်းကူညီ	3
 တောင်ဥက္ကလာပ မီး လောင်မှုတွင် နေအိမ်မီးလောင်ဆုံးရှုံးခဲ့သည့် ဇာတ်ပို့သရုပ်ဆောင် ညီညီမင်းကို 	3
ရုပ်ရှင်လောကသား များက သွားရောက်ပံ့ပိုး လှူဒါန်းခဲ့ သည်။	3
ကွာရှင်းတော့မယ့် စကားလက်ဂျိုဟန်ဆင်	3
သမီးဖြစ်သူကို အုပ်ထိန်းခွင့်နှင့်ပတ်သက်၍ ဆက်ဆံရေးအဆင်မပြေဖြစ်နေ သော အမျိုးသားရိုမိန်းဒူရီးယပ်စ် 	3
ကွာရှင်းရန် အမေရိကန် မင်းသမီး စကားလက်ဂျိုဟန်ဆင်က တရားရုံးသို့ ဦးတိုက်လျှောက်ထား သည်။	3
မြန်မာအိုင်ဒေါမှာ တစ်ကျော့ပြန် ပါဝင်ယှဉ်ပြိုင်ခွင့်ရမယ့်သူ ဘယ်သူဖြစ်မလဲ	3
ယနေ့ည ၉ နာရီတွင် ပြုလုပ်မည့် Myanmar Idol ပြိုင် ပွဲ၌ Pantene Wild Card ဖြင့် ပြန်လည်ယှဉ်ပြိုင်ခွင့်ရရှိမည့် 	3
ပြိုင်ပွဲဝင်မည်သူဖြစ်မည်ကို ပရိသတ် များက စိတ်ဝင်စားနေကြသည်။	3
ကျော်သူ နှင့် တွေ့ဆုံခြင်း	3
တောင်သူလယ်သမား နင်းပြားများ၏ ဘဝကို ပုံဖော်ရိုက်ကူးထားသည့် 	3
ငဘ’ရုပ်ရှင်ဇာတ်ကားတွင် ငဘအဖြစ် ပါဝင်သရုပ်ဆောင် သည့် ကျော်သူကို ဇာတ်ရုပ်ပီပြင် စွာ သရုပ်ဆောင်နိုင်သောကြောင့် ရုပ်ရှင်ကြည့်ပရိသတ် များက ချီး ကျူးကြသည်။ 	3
မကြာမီ ကျင်းပတော့မည့် မြန်မာ့ရုပ်ရှင်ထူးချွန်ဆုပေးပွဲတွင် အမျိုးသား ဇာတ်ဆောင်ဆု   	3
ထင်ကြေးပေးခန့်မှန်းနေသောကြောင့် ငဘအဖြစ် ပီပြင်ခဲ့သည့် ကျော်သူကို အကယ်ဒမီ ရင်ခုန်သံနှင့် ပတ်သက်၍ တွေ့ဆုံမေးမြန်းခဲ့ပါ သည်။	3
အောင်မြင်တဲ့ အဆိုတော်ဖြစ်ဖို့ အချိန်အကန့်အသတ်နဲ့ ကြိုးစားခဲ့ရတယ်ဆိုတဲ့ ဟာနီ	3
တောင်ကိုရီးယားအဆို တော် ဟာနီသည် အဆိုတော်တစ် ဦးအဖြစ် အောင်မြင်ရန် အချိန်အ ကန့်အသတ်ဖြင့် 	3
ကြိုးစားခဲ့ရ ကြောင်း ထုတ်ဖော်ပြောကြား သည်။ အသက် (၂၄)နှစ်အရွယ် ဟာနီသည် 	3
စီအစဉ်အတွက် ဧည့်သည်အနု ပညာရှင်အဖြစ် ပါဝင်စဉ် ယင်းသို့ ပြောကြားခဲ့သည်။	3
ဂီတဆုပေးပွဲမှာ အကောင်းဆုံးသီချင်းဆုရရှိတဲ့ ဂျတ်စတင်တင်းဘားလိတ်	3
အဆိုတော်ဂျတ်စ တင်တင်းဘားလိတ်သည် 2317 iHeartRadio Music Awards ဂီတဆုပေးပွဲတွင် 	3
သီချင်းဖြင့် ယခုနှစ် အတွက် အကောင်းဆုံးသီချင်းဆု ရရှိခဲ့ကြောင်း သိရသည်။	3
အကယ်ဒမီဆုကို မမျှော်မှန်းရဲဘူးဆိုတဲ့ ပိုင်ဖြိုးသူ	3
ဧဒင်ရဲ့ နတ်သမီး’ဇာတ် ကားဖြင့် ၂၀၁၆ အတွက် အ ကောင်းဆုံး အမျိုးသမီးဇာတ် ဆောင်ဆုရရှိနိုင်သည်ဟု	3
ထင်ကြေးပေးနေသော်လည်း မမျှော်မှန်းရဲကြောင်း ပိုင်ဖြိုးသုက ပြော သည်။	3
မီးဘေးကလွတ်ခဲ့တဲ့ တင်မောင်ဆန်းမင်းဝင်း နေအိမ်	3
 တောင်ဥက္ကလာပ မီးလောင်မှုတွင် သဘင်လူမှုကူညီ စောင့်ရှောက်ရေးကော်မတီ ဥက္ကဋ္ဌ တင်မောင်ဆန်းမင်းဝင်း၏ 	3
နေအိမ် မီးလောင်ဆုံးရှုံးခဲ့သည့် သတင်းသည် မဟုတ်မှန်ကြောင်း သတင်းရရှိသည်။	3
သင်္ကြန်မတိုင်ခင် အခွေသစ်ထွက်မယ့် အားတီ	3
အင်္ဂလိပ်သီချင်းများပါ ဝင်မည့် တစ်ကိုယ်တော်အခွေကို သင်္ကြန်မတိုင်မီ ထွက်နိုင်အောင် စီစဉ်နေကြောင်း အဆိုတော် အားတီက ပြောသည်။	3
ကော်ပီအချပ်ရေ တစ်သိန်းကျော် ရောင်းချခဲ့ရတဲ့ G-Friend အဖွဲ့ရဲ့ မီနီအယ်လ်ဘမ်	3
တောင်ကိုရီးယားအမျိုး သမီးအဆိုတော်အဖွဲ့ G-Friend ၏ မီနီအယ်လ်ဘမ်သည် ကော်ပီ အချပ်ရေ တစ်သိန်းကျော် 	3
One Directionအဖွဲ့ဝင် လူဝီတွမ်လန်ဆန် ဖမ်းဆီးခံရ	3
 OneDirection အဖွဲ့ဝင် လူဝီတွမ်လန်ဆန်သည် လောအန်ဂျလိစ် အပြည်ပြည်ဆိုင်ရာလေဆိပ်တွင် 	3
ဓာတ်ပုံဆရာတစ်ဦးနှင့် ခိုက်ရန်ဖြစ်ပွားပြီးနောက် ဖမ်းဆီးခံခဲ့ရ သည်။	3
ဟာသကားတွေ အရိုက်များရတဲ့အကြောင်း ပြောတဲ့ ခိုင်သင်းကြည်	3
နင့်နင့်နဲနဲ သရုပ်ဆောင် ရသည့် ဒရာမာဇာတ်ရုပ်များကို ရိုက်ကူးချင်သော်လည်း ဟာသဇာတ်ကားများသာ 	3
ပရိသတ်အားပေးမှု များပြားသောကြောင့် အရိုက်များနေခြင်းဖြစ်ကြောင်း ခိုင်သင်းကြည်က ပြောသည်။	3
ဂီတဖျော်ဖြေပွဲ အခမ်းအနားမှူးအဖြစ် ပူးတွဲတင်ဆက်ခဲ့တဲ့ မင်ဟိုနဲ့ ဆိုယန်	3
အဓိကအခမ်း အနားမှူးများအဖြစ် အတူတကွ ဆောင်ရွက်ခဲ့သည်။	3
မန္တလေးမှာ ဖျော်ဖြေမယ့် မြန်မာသံအဆိုတော်လေးဦးရဲ့ သီချင်းပွဲတော်	3
မြန်မာပြည်သိန်းတန် အပါအဝင် မြန်မာသံအဆိုရှင် လေးဦးပါဝင်မည့် ဖျော်ဖြေပွဲကို မန္တလေးမြို့တွင် မတ်လကုန်၌ ပြုလုပ်မည် ဖြစ်သည်။	3
၉၀ ဝန်းကျင်ကာလဆီ ပြန်လည်ခေါ်ဆောင်သွားတဲ့ Backstreet Boys အဖွဲ့	3
အောင်မြင်မှုများ စွာရရှိခဲ့သော Backstreet Boys အဖွဲ့သည် မတ်လ ၁ ရက်က Larger Than Life အမည်ရ ဂီတ ဖျော်ဖြေပွဲကို လာ့စ်ဗီးဂတ်မြို့ တွင် ပြုလုပ်ခဲ့သည်။ 	3
နစ်ခ်ကာတာ၊ ဟိုဝီဒိုရို၊ ဘရင်းလီတီရယ်၊ အေဂျေမတ် လန်နှင့် ကယ်ဗင်ရစ်ချတ်ဆင် စသည့် အဖွဲ့သား ငါးဦး စုံစုံလင် လင်ဖြင့် ဖျော်ဖြေခဲ့ကြသည်။	3
 မြန်မာအိုင်ဒေါပြိုင်ပွဲမှ ထွက်ခွာခဲ့ရသည့် ပြိုင်ပွဲဝင်များ အနက် တစ်ဦးသည် ပရိသတ်များ ၏ မဲပေးမှု 	3
ရွေးချယ်ကာ ဆန်ခါတင်လေးဦး ပါဝင်သော ပြိုင်ပွဲ၌ ပြန်လည်ယှဉ်ပြိုင်ခွင့်ရမည်ဖြစ်သည်။	3
အိမ်ဖြူတော် သတင်းထောက်အဖွဲ့ကို ကော်ဖီဖျော်စက် လက်ဆောင်ပေးပို့ခဲ့တဲ့ မင်းသားကြီး တွမ်ဟန့်	3
အမေရိကန်မင်းသား ကြီး တွမ်ဟန့်သည် အိမ်ဖြူတော် သတင်းထောက်အဖွဲ့ထံ ကော်ဖီ ဖျော်စက် လက်ဆောင်ပေးပို့ခဲ့ ကြောင်း သိရသည်။ 	3
ထိုလက်ဆောင် ကော်ဖီ ဖျော်စက်နှင့်အတူ အမေရိကန်စစ်သည်စစ်သားများပါဝင်သည့် ကာတွန်းပုံနှင့်တကွ 	3
အမှန်တရားများနှင့် တရားမျှတမှုအတွက် ဆက်လက်ဆောင်ရွက်ကြပါ’ ဟု ရေးသားသည့် စာတစ်စောင် လည်း ပါရှိခဲ့သည်။	3
ထိုင်းရုပ်ရှင်ထူးချွန်ဆုပေးပွဲသို့ စိုင်းစိုင်းခမ်းလှိုင်၊ ဝတ်မှုံရွှေရည်နှင့် ထိုင်းမင်းသမီးတို့ တက်ရောက်မည်	3
ထိုင်းရုပ်ရှင်ထူးချွန်ဆု ပေးပွဲတွင် ‘ဘန်ကောက်မှ မန္တ လေးသို့’ ရုပ်ရှင်ဇာတ်ကားဖြင့် အမျိုးသားဇာတ်ဆောင်ဆု 	3
ဆန်ခါတင်စာရင်းဝင်ခဲ့သည့် စိုင်းစိုင်းခမ်းလှိုင်အပါအဝင်  သရုပ်ဆောင် သုံးဦး ဆုပေးပွဲသို့ 	3
တက်ရောက်မည်ဖြစ်ကြောင်း ယင်းဇာတ်ကား ဒါရိုက်တာ Chartchai Ketnust က ပြောသည်။	3
ဇာတ်ဝင်တေးသစ်တစ်ပုဒ်ကို ကိုယ်တိုင်ရေးစပ် သီဆိုခဲ့တဲ့ ဂိုဟေးဆန်	3
နာမည်ကျော် တောင်ကို ရီးယားမင်းသမီး ဂိုဟေးဆန်သည် ရုပ်ရှင်ဇာတ်ဝင်တေး တစ်ပုဒ်ကို ဖြန့်ချိခဲ့ကြောင်း 	3
ဂိုဟေးဆန်သည် tvN ရုပ်သံ လိုင်းက ထုတ်လွှင့်ပြမည့် ‘Newlyweds Diary’ ရုပ်ရှင်ဇာတ်လမ်း 	3
အမည်ရ ဇာတ်ဝင်တေးတစ်ပုဒ်ကို ကိုယ်တိုင်ရေးစပ် သီဆိုထားကြောင်း သိရသည်။	3
အကယ်ဒမီပွဲကို လုံလုံခြုံခြုံဝတ်၍ တက်ရောက်ရန် လူမင်းမေတ္တာရပ်ခံ	3
မြန်မာ့ရုပ်ရှင်ထူးချွန်ဆု ပေးပွဲသို့ တက်ရောက်သည့် အနု ပညာရှင်များအနေဖြင့် မြန်မာ့ရိုးရာဝတ်စုံကို 	3
လုံလုံခြုံခြုံဝတ်၍ ပွဲတက်ရန် မေတ္တာရပ်ခံလို ကြောင်း ရုပ်ရှင်အစည်းအရုံး ဥက္ကဋ္ဌ ဦးလူမင်းကပြောသည်။ 	3
ကျွန်တော်တို့ သရုပ်ဆောင်တွေက တစ်နှစ်ပတ်လုံး ခေတ်မီ အောင်ပဲဝတ်ဝတ် ဒီပွဲကျရင်တော့ မြန်မာ့ရိုးရာကို 	3
နှစ်တိုင်းနှစ်တိုင်းမှာ လည်း အားလုံးက သရုပ်ပျက်ဝတ် စားဆင်ယင်နေတယ်လို့တော့ မဆိုလိုပါဘူး	3
အခွန်ဆောင်သည့် အနု ပညာရှင်စာရင်းကို ထုတ်ပြန်ရာ အဆိုပါစာရင်းတွင် မပါဝင်သည့် အနုပညာရှင်အချို့က ၎င်းတို့၏ လူမှုကွန်ရက်စာမျက်နှာများမှ တစ်ဆင့် ပြန်လည်ဖြေရှင်းခဲ့ကြ သည်။ 	3
အကြောင်းကို မြန်မာနိုင်ငံ ရုပ်ရှင် အစည်းအရုံးဥက္ကဋ္ဌ ဦးလူမင်းက Ayarwady Lu Min အမည်ရှိ ဖေ့စ်ဘွတ်ခ်စာမျက်နှာ၌ မတ်လ ၁ ရက် နံနက်က ပြန်လည်ဖြေ ရှင်းထားသည်။	3
ရွှေသုံးဆယ်သားဝတ်စုံနဲ့ အကယ်ဒမီပွဲတက်မယ့် အိချောပို	3
မြန်မာ့ရုပ်ရှင်ထူးချွန်ဆုပေးပွဲတက်ရောက်မည့် အိချောပိုသည် ရွှေသုံးဆယ်ကျပ်သား အသုံးပြုထားသော 	3
ပွဲတက်ဝတ်စုံချုပ်လုပ်ရန် အစီအစဉ်ရှိကြောင်း ဒီဇိုင်နာမျိုးမင်းစိုးက ပြောသည်။ ‘‘အိချောပိုအတွက် လုပ်နေတာပါ။ 	3
သူက မြန်မာကိုယ်လုံးဆိုတော့ မြန်မာကိုယ်လုံးနဲ့ လိုက်ဖက်တဲ့ ဒီဇိုင်းလေး၊ ရွှေပန်းပွင့်လေးတွေ လုပ်ထားတယ်။ 	3
ဆယ်နှစ်ကျော် အချိန်ယူခဲ့ရတဲ့ ဂျင်းနီရဲ့ Happy Birthday	3
၁၀ နှစ်ကျော်ကြာမြင့်ခဲ့ သည့် ပထမဆုံးတစ်ကိုယ်တော် အခွေကို ဖေဖော်ဝါရီ ၂၇ ရက် တွင် ဖြန့်ချိခဲ့ကြောင်း ဂျင်းနီက ပြောသည်။ 	3
အဲဒီအချိန်မှာ တော်တော်များများ အမျိုးသမီး အဆိုတော်တွေတောင် အခွေ မလုပ်သေးပါဘူး။ 	3
အဲဒီအချိန်က တည်းက သီချင်းတွေစစုတယ်။ အသံသွင်းတယ်’’ဟု တစ်ကိုယ် တော်အခွေနှင့်ပတ်သက်၍ ဂျင်းနီ က ပြောသည်။	3
ပေါင်ချိန် ဇာတ်လမ်းတွဲများ ပြန်လည်ထုတ်လွှင့်ပြသမည်	3
ပြည်သူ့တရားရှင် ပေါင် ချိန်၏ တရုတ်ဇာတ်လမ်းတွဲများ ကို မြန်မာစကားပြောနောက်ခံဖြင့် မတ်လ ၁၉ ရက်တွင် မြန်မာ့ရုပ် မြင်သံကြား၌ စတင်ပြသမည်ဖြစ် သည်။  	3
အခုလောလောဆယ်မှာ တော့ မူလပေါင်ချိန်ဇာတ်လမ်း တွဲတစ်တွဲကို မြန်မာစကားပြောနဲ့ ပြင်ဆင်နေပါတယ်။	3
ပရိသတ် တွေကို ရုပ်ရှင်ကြည့်တဲ့အခါမှာ Listening နဲ့ မကိုက်အောင် မလုပ်ပါဘူး။	3
လမ်းခွဲလိုက်ကြတဲ့ ကေတီပယ်ရီနဲ့ အော်လန်ဒိုဘလွန်း	3
 လူသိများသည့် အနုပညာရှင်စုံတွဲဖြစ်ကြသော ကေတီပယ်ရီနှင့် အော်လန်ဒိုဘလွန်းတို့သည်  တစ်နှစ်ခန့် 	3
လက်တွဲခဲ့ပြီးနောက် လမ်းခွဲလိုက်ကြသည်။ ၎င်းတို့နှစ်ဦး၏ မန်နေဂျာ များက ပူးပေါင်းထုတ်ပြန်ချက် တစ်ခုတွင် 	3
ကောလာဟလတွေ မပြန့်ခင်မှာအော်လန်ဒိုနဲ့ ကေတီ တို့ အေးအေးဆေးဆေးနဲ့ပဲ လက်တွဲဖြုတ်လိုက်ကြပြီဆိုတာ အတည်ပြု ပြောကြားလိုက်ပါ တယ်’ဟု ဖော်ပြသည်။	3
အေးမြတ်သူ ရဲ့ အကယ်ဒမီရင်ခုန်သံ	3
၂၀၁၆အတွက် မြန်မာ့ရုပ်ရှင်ထူးချွန်ဆုပေးပွဲအခမ်းအနားကို မတ်လ ၁၈ ရက်တွင် ပြည်သူ့ရင်ပြင်၌ 	3
ကျင်းပတော့မည်ဖြစ်သည်။ ၂၀၁၆ အတွင်း ရုံတင်ပြသခဲ့သည့် ‘မအေးပွင့်မြင့်မြင့်စန်း လမ်းသုံးဆယ်’၊ 	3
‘ပရော်ဖက်ဆာ ဒေါက်တာဆိတ်ဖွားနှင့် မြိုင်ရာဇာတာတေ’၊ ‘မေထုန်ရာသီဖွား’၊ 	3
ငဘ’စသည့်ရုပ်ရှင်ဇာတ်ကားများတွင် သရုပ်ဆောင်ကောင်းသည်ဟု ပရိသတ်၏ အသိအမှတ်ပြုမှုရရှိသကဲ့သို့ 	3
ရုပ်ရှင်ထူးချွန်ဆုရရှိနိုင်သည်ဟု ထင်ကြေးပေး ခံထားရတဲ့ အေးမြတ်သူ၏  အကယ်ဒမီရင်ခုန်သံနှင့်ပတ်သက်၍ 	3
ဒီနှစ် အကယ်ဒမီရဲ့ ထူးခြားချက်လေးချက်	3
မတ်လ ၁၈ ရက်တွင် ၂၀၁၆အတွက် မြန်မာ့ရုပ်ရှင်ထူးချွန်ဆုပေး ပွဲအခမ်းအနားကို ကျင်းပတော့မည်ဖြစ်သည်။ 	3
ထို့ကြောင့် ယခုနှစ် အကယ်ဒမီပေးပွဲ နှင့်ပတ်သက်သည့် ထူးခြားချက်လေးချက်ကို စုစည်းဖော်ပြလိုက်ပါသည်။	3
အခွန်ထမ်းအနုပညာရှင် ၁၉ ဦးစာရင်း ထုတ်ပြန်	3
အခွန်ရှောင်သည့် နာမည်ကြီးအနုပညာရှင်များရှိနေဆဲဖြစ်ကြောင်း ပြည်တွင်းအခွန်များ ဦးစီးဌာန လက်ထောက်ဌာနမှူးက ပြောသည်။	3
အော်စကာဆုပေးပွဲမှာ La La Land က ဆုခြောက်ဆုဖြင့် ဆုအများဆုံးသိမ်းပိုက်	3
ကြီးကျယ်ခမ်းနား သော ယခုနှစ်အော်စကာဆုပေးပွဲ  တွင် La La Land က ဒါရိုက်တာဆု၊ မင်းသမီးဆုအပါအဝင် ဆု ခြောက်ဆုဖြင့် ဆုအများဆုံးသိမ်း ပိုက်သွားသည်။	3
(၈၉)ကြိမ်မြောက် အော်စ ကာဆုပေးပွဲကို တနင်္ဂနွေညက ကျင်းပခဲ့ရာ နာမည်ကျော် အနု ပညာရှင်များစွာ တက်ရောက်ခဲ့ ကြသည်။	3
ရုပ်ရှင်သီချင်းများကို သံစုံတီးဝိုင်းနဲ့ အသက်သွင်းခဲ့တဲ့ ဖျော်ဖြေပွဲ	3
 နာမည်ကြီး ရုပ်ရှင် သီချင်းများကို သံစုံတီးဝိုင်းဖြင့် ဖျော်ဖြေသည့်	3
SHOW CASE 2317 ပွဲကို ဖေဖော်ဝါရီ ၂၇ ရက်ညက အမျိုးသားဇာတ်ရုံ၌ ကျင်းပခဲ့ရာ ပရိသတ်အားပေးမှု ရရှိခဲ့သော ဖျော်ဖြေပွဲတစ်ပွဲဖြစ်ခဲ့ သည်။	3
ကိုယ်ဝန်ကြောင့် အော်စကာဆုပေးပွဲ မတက်ဖြစ်တဲ့ နာတာလီပေါ့မန်း	3
အမေရိကန်မင်း သမီး နာတာလီပေါ့မန်းသည် ကိုယ်ဝန်လွယ်ထားရသဖြင့် ယခုနှစ်အော်စကာဆုပေးပွဲသို့ 	3
အသက် (၃၅)နှစ်အရွယ် နာတာလီပေါ့မန်းသည် ခင်ပွန်း ဘန်ဂျမင်မီလီမစ်နှင့် ဒုတိယမြောက် ရင်သွေးလေးလွယ်ထားရသည်။	3
ပရိသတ်တွေနဲ့ ရန်ပုံငွေစျေးရောင်းပွဲတော် ကျင်းပမယ့် ဂေါင်ယိုး	3
 တောင်ကိုရီးယားမင်း သား ဂေါင်ယိုးသည် ပရိသတ် များနှင့်အတူ ပရဟိတစျေးရောင်း ပွဲတော် 	3
ကျင်းပမည်ဖြစ်သည်။ ဖေဖော်ဝါရီ ၂၃ ရက်တွင် ဂေါင်ယိုး၏ အနုပညာကုမ္ပဏီ	3
အကယ်ဒမီပေးပွဲမတိုင်ခင် ရုံတင်ဖို့ကြိုးစားနေတဲ့ ‘ငါ့အကယ်ဒမီ’ ဇာတ်ကား	3
‘ငါ့အကယ်ဒမီ’ရုပ်ရှင် ဇာတ်ကားကို အကယ်ဒမီပေးပွဲ မတိုင်မီ ရုံတင်ပြသလိုသော ကြောင့် မတ်လ ဒုတိယပတ်တွင် 	3
ရုံတင်နိုင်ရန် ကြိုးစားနေကြောင်း ဒါရိုက်တာရာဇဝင်ကိုက ပြော ကြားသည်။ ‘‘ရက်ကတော့ ညှိနေတုန်း ပဲ။ 	3
ဒုတိယပတ်ဝန်းကျင် လောက်တော့ မှန်းထားတယ်။ ကျွန်တော်တို့ ဘီရုံကပဲ ပြမှာပါ’’ ဟု ၎င်းက ပြောသည်။121-133	3
